sku,title,brand,condition,gender,category,ebay Category,ebay Category Code,consignmentId,upc,rrp,buyItNowPrice,quantity,size,title Size,description Label,notes,tags,additional Condition Remark,price,label size different from the mesaurment and fit,featureType,fabric Fit Type,item Type,style,feature1,feature2,feature3,feature4,feature5,image1,image2,image3,image4,image5,image6,image7,image8,image9,image10,accent1,accent2,accent3,accent4,accent5,colour,model,pattern,material,type,closure,fit,other Material,fabric Type,neckline,sleeve Length,armpit to armpit (inches),armpit to cuff (inches),chest Size ,circumference (inches),collar to hem (inches),eu Shoe Size,heel Height (inches),height (inches),length (inches),rise (inches),sole Length,uk Shoe Size,us Shoe Size,waist (inches),width (inches),createdAt
AZO080324001 ,VINTAGE Womens Leather Coat IT 48 XL Black Leather ,Vintage,Fair Used Condition: the item has been frequently worn and may have numerous flaws,Womens,Clothing,Coats & Jackets,63862,,,,,1,XL,XL,48,,,Stains all over .,27.95,NO,,,Leather Coat,,Pockets,Comfort,,,,https://d277j9zyfmlsgc.cloudfront.net/EditedFiles/Studio 20_12-03-2024/Studio 20 12-03-2024-07-51-21-0001.jpeg,https://d277j9zyfmlsgc.cloudfront.net/EditedFiles/Studio 20_12-03-2024/Studio 20 12-03-2024-07-51-47-0002.jpeg,https://d277j9zyfmlsgc.cloudfront.net/EditedFiles/Studio 20_12-03-2024/Studio 20 12-03-2024-07-52-20-0003.jpeg,,,,,,,,,,,,,Black,,,Leather,Leather Coat,Button,Regular,,Leather,Collared,Long Sleeve,21,19,,,30,,,,,,,,,,,2024-03-12T07:53:58.9588906
AZO080324002 ,CHAPS Mens Shirt Large Grey Cotton ,Chaps,Good Used Condition:  the has been worn but is well maintained and may show minor signs of wear,Mens,Clothing,Shirts,57990,,,,,1,L,Large,L,,,,16.95,NO,,,Shirt,,Cuffed,Pockets,Collared,,,https://d277j9zyfmlsgc.cloudfront.net/EditedFiles/Studio 20_12-03-2024/Studio 20 12-03-2024-07-55-39-0005.jpeg,https://d277j9zyfmlsgc.cloudfront.net/EditedFiles/Studio 20_12-03-2024/Studio 20 12-03-2024-07-56-22-0006.jpeg,https://d277j9zyfmlsgc.cloudfront.net/EditedFiles/Studio 20_12-03-2024/Studio 20 12-03-2024-07-56-43-0007.jpeg,,,,,,,,Logo,,,,,Grey,,,Cotton,Shirt,Button,Regular,,Woven,Collared,Long Sleeve,22,19,,,30,,,,,,,,,,,2024-03-12T07:57:29.3984347
AZO080324003 ,WRANGLER Mens Short Sleeve Shirt 3XL Turquoise Cotton ,Wrangler,Good Used Condition:  the has been worn but is well maintained and may show minor signs of wear,Mens,Clothing,Shirts,57990,,,,,1,3XL,3XL,3XL,,,,17.95,NO,,Short Sleeve,Shirt,,Pockets,Collared,,,,https://d277j9zyfmlsgc.cloudfront.net/EditedFiles/Studio 20_12-03-2024/Studio 20 12-03-2024-07-58-28-0009.jpeg,https://d277j9zyfmlsgc.cloudfront.net/EditedFiles/Studio 20_12-03-2024/Studio 20 12-03-2024-07-59-59-0010.jpeg,https://d277j9zyfmlsgc.cloudfront.net/EditedFiles/Studio 20_12-03-2024/Studio 20 12-03-2024-08-00-45-0011.jpeg,,,,,,,,,,,,,Turquoise,,,Cotton,Short Sleeve Shirt,Button,Regular,Spandex,Woven,Collared,Short Sleeve,29,,,,31,,,,,,,,,,,2024-03-12T08:01:29.3168872
AZO080324004 ,EDDIE BAUER Mens Hooded Windbreaker Jacket UK 36 Small Grey Nylon ,Eddie Bauer,Good Used Condition:  the has been worn but is well maintained and may show minor signs of wear,Mens,Clothing,Coats & Jackets,57988,,,,,1,S,Small,S,,,,39.95,NO,,Hooded,Windbreaker Jacket,,Adjustable Waist,Windproof,Pockets,Comfort,,https://d277j9zyfmlsgc.cloudfront.net/EditedFiles/Studio 20_12-03-2024/Studio 20 12-03-2024-08-05-19-0013.jpeg,https://d277j9zyfmlsgc.cloudfront.net/EditedFiles/Studio 20_12-03-2024/Studio 20 12-03-2024-08-05-56-0014.jpeg,https://d277j9zyfmlsgc.cloudfront.net/EditedFiles/Studio 20_12-03-2024/Studio 20 12-03-2024-08-06-13-0015.jpeg,,,,,,,,,,,,,Grey,,,Nylon,Hooded Windbreaker Jacket,Zip,Regular,,Microfibre,Round Neck,Long Sleeve,21,19,36,,29,,,,,,,,,,,2024-03-12T08:06:58.4853582
AZO080324005 ,BEST COMPANY Mens Shirt Medium Black Check ,Best Company,Good Used Condition:  the has been worn but is well maintained and may show minor signs of wear,Mens,Clothing,Shirts,57990,,,,,1,M,Medium,M,,,,16.95,NO,,,Shirt,,Cuffed,Pockets,Collared,,,https://d277j9zyfmlsgc.cloudfront.net/EditedFiles/Studio 20_12-03-2024/Studio 20 12-03-2024-08-10-41-0017.jpeg,https://d277j9zyfmlsgc.cloudfront.net/EditedFiles/Studio 20_12-03-2024/Studio 20 12-03-2024-08-11-09-0018.jpeg,https://d277j9zyfmlsgc.cloudfront.net/EditedFiles/Studio 20_12-03-2024/Studio 20 12-03-2024-08-11-22-0019.jpeg,,,,,,,,,,,,,Black,,Check,,Shirt,Button,Regular,,Woven,Collared,Long Sleeve,22,21,,,30,,,,,,,,,,,2024-03-12T08:12:54.663416
AZO080324006 ,PUMA Mens Tracksuit Trousers Joggers Small Black Cotton ,Puma,Good Used Condition:  the has been worn but is well maintained and may show minor signs of wear,Mens,Clothing,Activewear Bottoms,260956,,,,,1,S,Small,S,,,Fading colour.,18.95,NO,,,Tracksuit Trousers Joggers,,Elastic Waist,Pockets,Comfort,,,https://d277j9zyfmlsgc.cloudfront.net/EditedFiles/Studio 20_12-03-2024/Studio 20 12-03-2024-08-14-22-0021.jpeg,https://d277j9zyfmlsgc.cloudfront.net/EditedFiles/Studio 20_12-03-2024/Studio 20 12-03-2024-08-14-57-0022.jpeg,https://d277j9zyfmlsgc.cloudfront.net/EditedFiles/Studio 20_12-03-2024/Studio 20 12-03-2024-08-15-12-0023.jpeg,,,,,,,,Logo,,,,,Black,,,Cotton,Tracksuit Trousers Joggers,Pull On,Regular,Polyester,Jersey,,,,,,,,,,,27,9,,,,28,,2024-03-12T08:16:33.4766041
AZO080324007 ,PUMA Womens Tracksuit Trousers Joggers UK 16 Large Black Cotton ,Puma,Good Used Condition:  the has been worn but is well maintained and may show minor signs of wear,Womens,Clothing,Activewear Bottoms,260954,,,,,1,16,Size 16,UK 16,,,Fading colour.,18.95,NO,,,Tracksuit Trousers Joggers,,Adjustable Waist,Pockets,Comfort,,,https://d277j9zyfmlsgc.cloudfront.net/EditedFiles/Studio 20_12-03-2024/Studio 20 12-03-2024-08-17-44-0025.jpeg,https://d277j9zyfmlsgc.cloudfront.net/EditedFiles/Studio 20_12-03-2024/Studio 20 12-03-2024-08-18-15-0026.jpeg,https://d277j9zyfmlsgc.cloudfront.net/EditedFiles/Studio 20_12-03-2024/Studio 20 12-03-2024-08-18-36-0027.jpeg,,,,,,,,Logo,,,,,Black,,,Cotton,Tracksuit Trousers Joggers,Drawstring,Regular,Polyester,Jersey,,,,,,,,,,,29,9,,,,36,,2024-03-12T08:21:05.0446937
AZO080324008 ,NIKE Mens Dri Fit Standard Fit Tracksuit Trousers Joggers Medium Grey ,Nike,Good Used Condition:  the has been worn but is well maintained and may show minor signs of wear,Mens,Clothing,Activewear Bottoms,260956,,,,,1,M,Medium,M,,,,19.95,NO,,Standard Fit,Tracksuit Trousers Joggers,,Adjustable Waist,Pockets,Comfort,,,https://d277j9zyfmlsgc.cloudfront.net/EditedFiles/Studio 20_12-03-2024/Studio 20 12-03-2024-08-22-20-0029.jpeg,https://d277j9zyfmlsgc.cloudfront.net/EditedFiles/Studio 20_12-03-2024/Studio 20 12-03-2024-08-22-55-0030.jpeg,https://d277j9zyfmlsgc.cloudfront.net/EditedFiles/Studio 20_12-03-2024/Studio 20 12-03-2024-08-23-08-0031.jpeg,,,,,,,,Logo,,,,,Grey,Dri Fit,,Polyester,Standard Fit Tracksuit Trousers Joggers,Drawstring,Regular,Viscose,Microfibre,,,,,,,,,,,28,11,,,,34,,2024-03-12T08:23:56.21448
AZO080324009 ,PUMA Mens Tracksuit Trousers Joggers Large Black Colourblock Cotton ,Puma,Good Used Condition:  the has been worn but is well maintained and may show minor signs of wear,Mens,Clothing,Activewear Bottoms,260956,,,,,1,L,Large,L,,,,19.95,NO,,,Tracksuit Trousers Joggers,,Adjustable Waist,Pockets,Comfort,,,https://d277j9zyfmlsgc.cloudfront.net/EditedFiles/Studio 20_12-03-2024/Studio 20 12-03-2024-08-24-51-0033.jpeg,https://d277j9zyfmlsgc.cloudfront.net/EditedFiles/Studio 20_12-03-2024/Studio 20 12-03-2024-08-25-30-0034.jpeg,https://d277j9zyfmlsgc.cloudfront.net/EditedFiles/Studio 20_12-03-2024/Studio 20 12-03-2024-08-25-53-0035.jpeg,,,,,,,,Logo,,,,,Black,,Colourblock,Cotton,Tracksuit Trousers Joggers,Drawstring,Regular,Polyester,Jersey,,,,,,,,,,,29,9,,,,32,,2024-03-12T08:26:37.9641771
AZO080324010 ,ADIDAS Mens Climalite Graphic Tracksuit Trousers Joggers Medium Black ,Adidas,Good Used Condition:  the has been worn but is well maintained and may show minor signs of wear,Mens,Clothing,Activewear Bottoms,260956,,,,,1,M,Medium,M,,,,19.95,NO,,Graphic,Tracksuit Trousers Joggers,,Elastic Waist,Pockets,Comfort,,,https://d277j9zyfmlsgc.cloudfront.net/EditedFiles/Studio 20_12-03-2024/Studio 20 12-03-2024-08-30-34-0037.jpeg,https://d277j9zyfmlsgc.cloudfront.net/EditedFiles/Studio 20_12-03-2024/Studio 20 12-03-2024-08-31-07-0038.jpeg,https://d277j9zyfmlsgc.cloudfront.net/EditedFiles/Studio 20_12-03-2024/Studio 20 12-03-2024-08-31-28-0039.jpeg,,,,,,,,Logo,,,,,Black,Climalite,,Cotton,Graphic Tracksuit Trousers Joggers,Pull On,Regular,Polyester,Jersey,,,,,,,,,,,31,10,,,,30,,2024-03-12T08:32:24.9006182
AZO080324011 ,CHAMPION Mens Graphic Tracksuit Trousers Small Black Cotton ,Champion,Good Used Condition:  the has been worn but is well maintained and may show minor signs of wear,Mens,Clothing,Activewear Bottoms,260956,,,,,1,S,Small,S,,,,19.95,NO,,Graphic,Tracksuit Trousers,,Adjustable Waist,Pockets,Comfort,,,https://d277j9zyfmlsgc.cloudfront.net/EditedFiles/Studio 20_12-03-2024/Studio 20 12-03-2024-08-34-00-0041.jpeg,https://d277j9zyfmlsgc.cloudfront.net/EditedFiles/Studio 20_12-03-2024/Studio 20 12-03-2024-08-34-34-0042.jpeg,https://d277j9zyfmlsgc.cloudfront.net/EditedFiles/Studio 20_12-03-2024/Studio 20 12-03-2024-08-34-49-0043.jpeg,,,,,,,,Logo,,,,,Black,,,Cotton,Graphic Tracksuit Trousers,Drawstring,Regular,Polyester,Jersey,,,,,,,,,,,30,10,,,,38,,2024-03-12T08:35:32.9183937
AZO080324012 ,BENETTON Womens Crop Windbreaker Jacket UK 10 Small Black ,Benetton,Good Used Condition:  the has been worn but is well maintained and may show minor signs of wear,Womens,Clothing,Coats & Jackets,63862,,,,,1,S,Small,S,,,,44.95,NO,,Crop,Windbreaker Jacket,,Full Zip,Padded,Zipped Pockets,Comfort,,https://d277j9zyfmlsgc.cloudfront.net/EditedFiles/Studio 20_12-03-2024/Studio 20 12-03-2024-08-38-01-0045.jpeg,https://d277j9zyfmlsgc.cloudfront.net/EditedFiles/Studio 20_12-03-2024/Studio 20 12-03-2024-08-38-30-0046.jpeg,https://d277j9zyfmlsgc.cloudfront.net/EditedFiles/Studio 20_12-03-2024/Studio 20 12-03-2024-08-38-51-0047.jpeg,https://d277j9zyfmlsgc.cloudfront.net/EditedFiles/Studio 20_12-03-2024/Studio 20 12-03-2024-08-39-03-0048.jpeg,,,,,,,,,,,,Black,,,,Crop Windbreaker Jacket,Zip,Relaxed,,Microfibre,High Neck,Long Sleeve,19,18,,,21,,,,,,,,,,,2024-03-12T08:39:52.1472202
AZO080324013 ,DESIGUAL Girls Long Sleeve Basic Dress 5-6 Years Green Patchwork Cotton ,Desigual,Good Used Condition:  the has been worn but is well maintained and may show minor signs of wear,Girls,Clothing,Dresses,51581,,,,,1,5-6 Years,5-6 Years,5-6,,,,29.95,NO,,Long Sleeve,Basic Dress,,Collarless,Comfort,,,,https://d277j9zyfmlsgc.cloudfront.net/EditedFiles/Studio 20_12-03-2024/Studio 20 12-03-2024-08-41-09-0050.jpeg,https://d277j9zyfmlsgc.cloudfront.net/EditedFiles/Studio 20_12-03-2024/Studio 20 12-03-2024-08-42-02-0051.jpeg,https://d277j9zyfmlsgc.cloudfront.net/EditedFiles/Studio 20_12-03-2024/Studio 20 12-03-2024-08-42-16-0052.jpeg,,,,,,,,Logo,,,,,Green,,Patchwork,Cotton,Long Sleeve Basic Dress,Pullover,Regular,,Jersey,V-Neck,Long Sleeve,12,12,,,22,,,,,,,,,,,2024-03-12T08:43:10.2143511
AZO080324014 ,TOMMY HILFIGER Boys Shirt 4-5 Years Blue Tie Dye Cotton ,Tommy Hilfiger,Good Used Condition:  the has been worn but is well maintained and may show minor signs of wear,Boys,Clothing,Shirts,152487,,,,,1,4-5 Years,4-5 Years,110,,,,16.95,NO,,,Shirt,,Cuffed,Collared,,,,https://d277j9zyfmlsgc.cloudfront.net/EditedFiles/Studio 20_12-03-2024/Studio 20 12-03-2024-08-44-27-0054.jpeg,https://d277j9zyfmlsgc.cloudfront.net/EditedFiles/Studio 20_12-03-2024/Studio 20 12-03-2024-08-45-07-0055.jpeg,https://d277j9zyfmlsgc.cloudfront.net/EditedFiles/Studio 20_12-03-2024/Studio 20 12-03-2024-08-45-17-0056.jpeg,,,,,,,,Logo,,,,,Blue,,Tie Dye,Cotton,Shirt,Button,Regular,,Woven,Collared,Long Sleeve,12,11,,,18,,,,,,,,,,,2024-03-12T08:45:58.6510202
AZO080324015 ,DIADORA Boys Padded Coat 5-6 Years Small Black Polyester ,Diadora,Good Used Condition:  the has been worn but is well maintained and may show minor signs of wear,Boys,Clothing,"Coats, Jackets & Snowsuits",51933,,,,,1,5-6 Years,5-6 Years,"S, 6 y",,,,26.95,NO,,,Padded Coat,,Padded,Full Zip,Pockets,,,https://d277j9zyfmlsgc.cloudfront.net/EditedFiles/Studio 20_12-03-2024/Studio 20 12-03-2024-08-47-42-0058.jpeg,https://d277j9zyfmlsgc.cloudfront.net/EditedFiles/Studio 20_12-03-2024/Studio 20 12-03-2024-08-48-21-0059.jpeg,https://d277j9zyfmlsgc.cloudfront.net/EditedFiles/Studio 20_12-03-2024/Studio 20 12-03-2024-08-48-58-0060.jpeg,,,,,,,,Logo,,,,,Black,,,Polyester,Padded Coat,Zip,Regular,,Microfibre,High Neck,Sleeveless,15,,,,16,,,,,,,,,,,2024-03-12T08:49:49.428573
AZO080324016 ,VINTAGE Womens Batwing Boat Neck Jumper Sweater IT 44 Medium Black Floral ,Vintage,Good Used Condition:  the has been worn but is well maintained and may show minor signs of wear,Womens,Clothing,Jumpers & Cardigans,63866,,,,,1,M,Medium,44,,,,22.95,NO,,Batwing,Boat Neck Jumper Sweater,,Elastic Waist,Bodywarmer,Comfort,,,https://d277j9zyfmlsgc.cloudfront.net/EditedFiles/Studio 20_12-03-2024/Studio 20 12-03-2024-08-51-33-0062.jpeg,https://d277j9zyfmlsgc.cloudfront.net/EditedFiles/Studio 20_12-03-2024/Studio 20 12-03-2024-08-52-37-0063.jpeg,https://d277j9zyfmlsgc.cloudfront.net/EditedFiles/Studio 20_12-03-2024/Studio 20 12-03-2024-08-53-09-0064.jpeg,https://d277j9zyfmlsgc.cloudfront.net/EditedFiles/Studio 20_12-03-2024/Studio 20 12-03-2024-08-53-25-0065.jpeg,,,,,,,Glitter,Sequin,,,,Black,,Floral,Wool,Batwing Boat Neck Jumper Sweater,Pullover,Relaxed,,Knit,Round Neck,Long Sleeve,23,18,,,23,,,,,,,,,,,2024-03-12T08:54:14.9369413
AZO080324017 ,VINTAGE Womens Sleeveless Crochet Cardigan Top UK 14 Medium Black ,Vintage,Good Used Condition:  the has been worn but is well maintained and may show minor signs of wear,Womens,Clothing,Tops & Blouses,53159,,,,,1,M,Medium,N/A,,,,19.95,NO,Sleeveless,Crochet,Cardigan Top,,Lightweight,Comfort,,,,https://d277j9zyfmlsgc.cloudfront.net/EditedFiles/Studio 20_12-03-2024/Studio 20 12-03-2024-08-55-06-0067.jpeg,https://d277j9zyfmlsgc.cloudfront.net/EditedFiles/Studio 20_12-03-2024/Studio 20 12-03-2024-08-55-33-0068.jpeg,,,,,,,,,Eyelet,Beaded,,,,Black,,,,Sleeveless Crochet Cardigan Top,Button,Regular,,Crochet,V-Neck,Sleeveless,18,,,,20,,,,,,,,,,,2024-03-12T08:56:27.9432928
AZO080324018 ,VINTAGE Womens Open Blazer Jacket UK 16 Large Black Floral ,Vintage,Good Used Condition:  the has been worn but is well maintained and may show minor signs of wear,Womens,Clothing,Coats & Jackets,63862,,,,,1,L,Large,N/A,,,,29.95,NO,,Open,Blazer Jacket,,Comfort,,,,,https://d277j9zyfmlsgc.cloudfront.net/EditedFiles/Studio 20_12-03-2024/Studio 20 12-03-2024-08-57-32-0070.jpeg,https://d277j9zyfmlsgc.cloudfront.net/EditedFiles/Studio 20_12-03-2024/Studio 20 12-03-2024-08-58-01-0071.jpeg,,,,,,,,,Scalloped,,,,,Black,,Floral,,Open Blazer Jacket,Pull On,Regular,,Woven,Round Neck,Long Sleeve,20,13,,,25,,,,,,,,,,,2024-03-12T08:59:05.1291663
AZO080324019 ,BENETTON Womens Abstract Pattern Chino Shorts IT 48 XL W32  Multicoloured ,Benetton,Good Used Condition:  the has been worn but is well maintained and may show minor signs of wear,Womens,Clothing,Shorts,11555,,,,,1,XL,XL,48,,,,19.95,NO,,Abstract Pattern,Chino Shorts,,Adjustable Waist,Pockets,,,,https://d277j9zyfmlsgc.cloudfront.net/EditedFiles/Studio 20_12-03-2024/Studio 20 12-03-2024-09-00-22-0073.jpeg,https://d277j9zyfmlsgc.cloudfront.net/EditedFiles/Studio 20_12-03-2024/Studio 20 12-03-2024-09-00-55-0074.jpeg,https://d277j9zyfmlsgc.cloudfront.net/EditedFiles/Studio 20_12-03-2024/Studio 20 12-03-2024-09-01-08-0075.jpeg,,,,,,,,,,,,,Multicoloured,,,Cotton,Abstract Pattern Chino Shorts,Zip,Regular,,Woven,,,,,,,,,,,10,13,,,,32,,2024-03-12T09:01:59.2444948
AZO080324020 ,VINTAGE Womens Straight Skirt W26 Small Beige Striped ,Vintage,Good Used Condition:  the has been worn but is well maintained and may show minor signs of wear,Womens,Clothing,Skirts,63864,,,,,1,26,Size 26,N/A,,,,16.95,NO,,,Straight Skirt,,Comfort,,,,,https://d277j9zyfmlsgc.cloudfront.net/EditedFiles/Studio 20_12-03-2024/Studio 20 12-03-2024-09-03-17-0077.jpeg,https://d277j9zyfmlsgc.cloudfront.net/EditedFiles/Studio 20_12-03-2024/Studio 20 12-03-2024-09-03-46-0078.jpeg,,,,,,,,,,,,,,Beige,,Striped,,Straight Skirt,Zip,Regular,,Woven,,,,,,,,,,,30,,,,,26,,2024-03-12T09:04:35.7367448
ALU080324001 ,VINTAGE Womens Flared Skirt IT 44 Medium W28  Brown Wool ,Vintage,Good Used Condition:  the has been worn but is well maintained and may show minor signs of wear,Womens,Clothing,Skirts,63864,,,,,1,M,Medium,IT 44,,,,17.95,NO,,,Flared Skirt,,Comfort,Pockets,,,,https://d277j9zyfmlsgc.cloudfront.net/EditedFiles/Studio 20_12-03-2024/Studio 20 12-03-2024-09-11-23-0080.jpeg,https://d277j9zyfmlsgc.cloudfront.net/EditedFiles/Studio 20_12-03-2024/Studio 20 12-03-2024-09-12-19-0081.jpeg,https://d277j9zyfmlsgc.cloudfront.net/EditedFiles/Studio 20_12-03-2024/Studio 20 12-03-2024-09-12-34-0082.jpeg,,,,,,,,,,,,,Brown,,,Wool,Flared Skirt,Zip,Regular,Polyamide,Woven,,,,,,,,,,,28,,,,,28,,2024-03-12T09:13:30.6184098
ALU080324002 ,VINTAGE Womens Shearling Jacket EU 40 Medium Brown Shearling ,Vintage,Good Used Condition:  the has been worn but is well maintained and may show minor signs of wear,Womens,Clothing,Coats & Jackets,63862,,,,,1,M,Medium,40,,,,44.95,NO,,,Shearling Jacket,,Windproof,Bodywarmer,Pockets,Comfort,,https://d277j9zyfmlsgc.cloudfront.net/EditedFiles/Studio 20_12-03-2024/Studio 20 12-03-2024-09-14-45-0084.jpeg,https://d277j9zyfmlsgc.cloudfront.net/EditedFiles/Studio 20_12-03-2024/Studio 20 12-03-2024-09-15-27-0085.jpeg,https://d277j9zyfmlsgc.cloudfront.net/EditedFiles/Studio 20_12-03-2024/Studio 20 12-03-2024-09-15-51-0086.jpeg,,,,,,,,,,,,,Brown,,,Shearling,Shearling Jacket,Button,Relaxed,,Shearling,Collared,Long Sleeve,22,17,,,28,,,,,,,,,,,2024-03-12T09:16:47.0409715
ALU080324003 ,VINTAGE Womens 7 button Blazer Jacket UK 16 Large Green ,Vintage,Fair Used Condition: the item has been frequently worn and may have numerous flaws,Womens,Clothing,Coats & Jackets,63862,,,,,1,L,Large,N/A,,,Marks all over.,29.95,NO,,7 button,Blazer Jacket,,Lined,Collared,,,,https://d277j9zyfmlsgc.cloudfront.net/EditedFiles/Studio 20_12-03-2024/Studio 20 12-03-2024-09-18-03-0088.jpeg,https://d277j9zyfmlsgc.cloudfront.net/EditedFiles/Studio 20_12-03-2024/Studio 20 12-03-2024-09-18-35-0089.jpeg,,,,,,,,,Scalloped,,,,,Green,,,,7 button Blazer Jacket,Button,Regular,,Woven,Collared,Long Sleeve,20,16,,,22,,,,,,,,,,,2024-03-12T09:19:52.9765306
ALU080324004 ,VINTAGE Womens Leather Jacket IT 46 Large Brown Leather ,Vintage,Good Used Condition:  the has been worn but is well maintained and may show minor signs of wear,Womens,Clothing,Coats & Jackets,63862,,,,,1,L,Large,46,,,,39.95,NO,,,Leather Jacket,,,,,,,https://d277j9zyfmlsgc.cloudfront.net/EditedFiles/Studio 20_12-03-2024/Studio 20 12-03-2024-09-21-24-0091.jpeg,https://d277j9zyfmlsgc.cloudfront.net/EditedFiles/Studio 20_12-03-2024/Studio 20 12-03-2024-09-23-03-0092.jpeg,https://d277j9zyfmlsgc.cloudfront.net/EditedFiles/Studio 20_12-03-2024/Studio 20 12-03-2024-09-24-17-0093.jpeg,,,,,,,,,,,,,Brown,,,Leather,Leather Jacket,Button,Regular,,Leather,Collared,Long Sleeve,20,18,,,28,,,,,,,,,,,2024-03-12T09:25:09.2749749
ALU080324005 ,VINTAGE Womens Straight Skirt W28 Medium Black Striped ,Vintage,Good Used Condition:  the has been worn but is well maintained and may show minor signs of wear,Womens,Clothing,Skirts,63864,,,,,1,28,Size 28,N/A,,,,16.95,NO,,,Straight Skirt,,Pockets,,,,,https://d277j9zyfmlsgc.cloudfront.net/EditedFiles/Studio 20_12-03-2024/Studio 20 12-03-2024-09-26-03-0095.jpeg,https://d277j9zyfmlsgc.cloudfront.net/EditedFiles/Studio 20_12-03-2024/Studio 20 12-03-2024-09-26-18-0096.jpeg,,,,,,,,,,,,,,Black,,Striped,,Straight Skirt,Zip,Regular,,Microfibre,,,,,,,,,,,23,,,,,28,,2024-03-12T09:27:14.3720983
ALU080324006 ,VINTAGE Womens Abstract Pattern Flared Skirt W30 Medium Off White ,Vintage,Good Used Condition:  the has been worn but is well maintained and may show minor signs of wear,Womens,Clothing,Skirts,63864,,,,,1,30,Size 30,N/A,,,,17.95,NO,,Abstract Pattern,Flared Skirt,,Comfort,,,,,https://d277j9zyfmlsgc.cloudfront.net/EditedFiles/Studio 20_12-03-2024/Studio 20 12-03-2024-09-29-27-0098.jpeg,https://d277j9zyfmlsgc.cloudfront.net/EditedFiles/Studio 20_12-03-2024/Studio 20 12-03-2024-09-29-52-0099.jpeg,https://d277j9zyfmlsgc.cloudfront.net/EditedFiles/Studio 20_12-03-2024/Studio 20 12-03-2024-09-31-51-0100.jpeg,,,,,,,,,,,,,Off White,,,,Abstract Pattern Flared Skirt,Button,Regular,,Woven,,,,,,,,,,,26,,,,,30,,2024-03-12T09:32:40.1976412
ALU080324007 ,REFRIGIWEAR Womens Utility Jacket UK 12 Medium Red Nylon ,Refrigiwear,Good Used Condition:  the has been worn but is well maintained and may show minor signs of wear,Womens,Clothing,Coats & Jackets,63862,,,,,1,M,Medium,M,,,Fading colour.,36.95,NO,,,Utility Jacket,,Pockets,Comfort,,,,https://d277j9zyfmlsgc.cloudfront.net/EditedFiles/Studio 20_12-03-2024/Studio 20 12-03-2024-09-34-44-0102.jpeg,https://d277j9zyfmlsgc.cloudfront.net/EditedFiles/Studio 20_12-03-2024/Studio 20 12-03-2024-09-35-20-0103.jpeg,https://d277j9zyfmlsgc.cloudfront.net/EditedFiles/Studio 20_12-03-2024/Studio 20 12-03-2024-09-35-48-0104.jpeg,,,,,,,,Logo,,,,,Red,,,Nylon,Utility Jacket,Button,Slim,,Microfibre,Collared,Long Sleeve,16,20,,,24,,,,,,,,,,,2024-03-12T09:37:00.3904789
ALU080324008 ,VINTAGE Womens A-Line Skirt IT 38 XS W22  Red Striped Cotton ,Vintage,Good Used Condition:  the has been worn but is well maintained and may show minor signs of wear,Womens,Clothing,Skirts,63864,,,,,1,XS,XS,38,,,,16.95,NO,,,A-Line Skirt,,,,,,,https://d277j9zyfmlsgc.cloudfront.net/EditedFiles/Studio 20_12-03-2024/Studio 20 12-03-2024-09-38-16-0106.jpeg,https://d277j9zyfmlsgc.cloudfront.net/EditedFiles/Studio 20_12-03-2024/Studio 20 12-03-2024-09-38-52-0107.jpeg,https://d277j9zyfmlsgc.cloudfront.net/EditedFiles/Studio 20_12-03-2024/Studio 20 12-03-2024-09-39-18-0108.jpeg,,,,,,,,,,,,,Red,,Striped,Cotton,A-Line Skirt,Zip,Regular,,Woven,,,,,,,,,,,24,,,,,22,,2024-03-12T09:40:13.1544919
ALU080324009 ,RALPH LAUREN Womens Mini Skirt W40 2XL Navy Blue Floral Silk ,Ralph Lauren,Good Used Condition:  the has been worn but is well maintained and may show minor signs of wear,Womens,Clothing,Skirts,63864,,,,,1,40,Size 40,20 W,,,,24.95,NO,,,Mini Skirt,,Lightweight,Lined,,,,https://d277j9zyfmlsgc.cloudfront.net/EditedFiles/Studio 20_12-03-2024/Studio 20 12-03-2024-09-41-54-0110.jpeg,https://d277j9zyfmlsgc.cloudfront.net/EditedFiles/Studio 20_12-03-2024/Studio 20 12-03-2024-09-42-42-0111.jpeg,https://d277j9zyfmlsgc.cloudfront.net/EditedFiles/Studio 20_12-03-2024/Studio 20 12-03-2024-09-43-05-0112.jpeg,,,,,,,,Layered,,,,,Navy Blue,,Floral,Silk,Mini Skirt,Zip,Regular,,Satin,,,,,,,,,,,23,,,,,40,,2024-03-12T09:43:59.0436955
ALU080324010 ,BENETTON Womens Quilted Jacket UK 8 Small Yellow Nylon ,Benetton,Good Used Condition:  the has been worn but is well maintained and may show minor signs of wear,Womens,Clothing,Coats & Jackets,63862,,,,,1,8,Size 8,UK 8,,,,44.95,NO,,,Quilted Jacket,,Padded,Pockets,Comfort,,,https://d277j9zyfmlsgc.cloudfront.net/EditedFiles/Studio 20_12-03-2024/Studio 20 12-03-2024-09-45-37-0114.jpeg,https://d277j9zyfmlsgc.cloudfront.net/EditedFiles/Studio 20_12-03-2024/Studio 20 12-03-2024-09-46-13-0115.jpeg,https://d277j9zyfmlsgc.cloudfront.net/EditedFiles/Studio 20_12-03-2024/Studio 20 12-03-2024-09-46-29-0116.jpeg,https://d277j9zyfmlsgc.cloudfront.net/EditedFiles/Studio 20_12-03-2024/Studio 20 12-03-2024-09-46-40-0117.jpeg,,,,,,,,,,,,Yellow,,,Nylon,Quilted Jacket,Button,Relaxed,,Microfibre,V-Neck,Long Sleeve,20,17,,,22,,,,,,,,,,,2024-03-12T09:47:25.588708
BEN120324001 ,FAY Mens Utility Gilet UK 44 2XL Beige ,Fay,Good Used Condition:  the has been worn but is well maintained and may show minor signs of wear,Mens,Clothing,Coats & Jackets,57988,,,,,1,2XL,2XL,2XL,,,,32.95,NO,,,Utility Gilet,,Full Zip,Pockets,Comfort,,,https://d277j9zyfmlsgc.cloudfront.net/EditedFiles/Studio 20_12-03-2024/Studio 20 12-03-2024-09-48-55-0119.jpeg,https://d277j9zyfmlsgc.cloudfront.net/EditedFiles/Studio 20_12-03-2024/Studio 20 12-03-2024-09-49-24-0120.jpeg,https://d277j9zyfmlsgc.cloudfront.net/EditedFiles/Studio 20_12-03-2024/Studio 20 12-03-2024-09-49-52-0121.jpeg,,,,,,,,,,,,,Beige,,,,Utility Gilet,Zip,Slim,,Woven,High Neck,Sleeveless,24,,44,,30,,,,,,,,,,,2024-03-12T09:50:41.3061857
BEN120324002 ,"LEVI'S Mens Slim Casual Trousers W32 L34  Grey Cotton ","Levi's",Good Used Condition:  the has been worn but is well maintained and may show minor signs of wear,Mens,Clothing,Trousers,57989,,,,,1,32,Size 32,32X34,"T, , Grey.",,,24.95,NO,,Slim,Casual Trousers,,Pockets,,,,,https://d277j9zyfmlsgc.cloudfront.net/EditedFiles/Studio 20_12-03-2024/Studio 20 12-03-2024-09-52-22-0123.jpeg,https://d277j9zyfmlsgc.cloudfront.net/EditedFiles/Studio 20_12-03-2024/Studio 20 12-03-2024-09-53-04-0124.jpeg,https://d277j9zyfmlsgc.cloudfront.net/EditedFiles/Studio 20_12-03-2024/Studio 20 12-03-2024-09-53-42-0125.jpeg,,,,,,,,Logo,,,,,Grey,,,Cotton,Slim Casual Trousers,Zip,Slim,,Woven,,,,,,,,,,,34,9,,,,32,,2024-03-12T09:55:48.93371
BEN120324003 ,CONVERSE Mens Tracksuit Trousers Joggers Medium Navy Blue Cotton ,Converse,Good Used Condition:  the has been worn but is well maintained and may show minor signs of wear,Mens,Clothing,Activewear Bottoms,260956,,,,,1,M,Medium,M,,,Fading colour.,19.95,NO,,,Tracksuit Trousers Joggers,,Adjustable Waist,Pockets,Comfort,,,https://d277j9zyfmlsgc.cloudfront.net/EditedFiles/Studio 20_12-03-2024/Studio 20 12-03-2024-09-56-55-0127.jpeg,https://d277j9zyfmlsgc.cloudfront.net/EditedFiles/Studio 20_12-03-2024/Studio 20 12-03-2024-09-57-30-0128.jpeg,https://d277j9zyfmlsgc.cloudfront.net/EditedFiles/Studio 20_12-03-2024/Studio 20 12-03-2024-09-57-44-0129.jpeg,,,,,,,,Logo,,,,,Navy Blue,,,Cotton,Tracksuit Trousers Joggers,Drawstring,Regular,Polyester,Jersey,,,,,,,,,,,30,11,,,,34,,2024-03-12T09:58:41.5728098
BEN120324004 ,ADIDAS Mens Tracksuit Trousers Medium Black Polyester ,Adidas,Good Used Condition:  the has been worn but is well maintained and may show minor signs of wear,Mens,Clothing,Activewear Bottoms,260956,,,,,1,M,Medium,M,,,,19.95,NO,,,Tracksuit Trousers,,Ankle Zip,Elastic Waist,Pockets,Comfort,,https://d277j9zyfmlsgc.cloudfront.net/EditedFiles/Studio 20_12-03-2024/Studio 20 12-03-2024-09-59-39-0131.jpeg,https://d277j9zyfmlsgc.cloudfront.net/EditedFiles/Studio 20_12-03-2024/Studio 20 12-03-2024-10-00-16-0132.jpeg,https://d277j9zyfmlsgc.cloudfront.net/EditedFiles/Studio 20_12-03-2024/Studio 20 12-03-2024-10-00-43-0133.jpeg,,,,,,,,Logo,,,,,Black,,,Polyester,Tracksuit Trousers,,,,Microfibre,,,,,,,,,,,27,10,,,,30,,2024-03-12T10:01:33.7138951
BEN120324005 ,HOLLISTER Mens Tracksuit Trousers Joggers Small Navy Blue Cotton ,Hollister,Good Used Condition:  the has been worn but is well maintained and may show minor signs of wear,Mens,Clothing,Activewear Bottoms,260956,,,,,1,S,Small,S,,,Fading colour.,17.95,NO,,,Tracksuit Trousers Joggers,,Adjustable Waist,Pockets,Comfort,,,https://d277j9zyfmlsgc.cloudfront.net/EditedFiles/Studio 20_12-03-2024/Studio 20 12-03-2024-10-02-57-0135.jpeg,https://d277j9zyfmlsgc.cloudfront.net/EditedFiles/Studio 20_12-03-2024/Studio 20 12-03-2024-10-04-40-0136.jpeg,https://d277j9zyfmlsgc.cloudfront.net/EditedFiles/Studio 20_12-03-2024/Studio 20 12-03-2024-10-05-06-0137.jpeg,,,,,,,,Logo,,,,,Navy Blue,,,Cotton,Tracksuit Trousers Joggers,Drawstring,Regular,Polyester,Jersey,,,,,,,,,,,29,9,,,,28,,2024-03-12T10:05:54.9789567
BEN120324006 ,ADIDAS Mens Tracksuit Trousers Joggers Small Black Cotton ,Adidas,Good Used Condition:  the has been worn but is well maintained and may show minor signs of wear,Mens,Clothing,Activewear Bottoms,260956,,,,,1,S,Small,S,,,Fading colour.,19.95,NO,,,Tracksuit Trousers Joggers,,Adjustable Waist,Pockets,Comfort,,,https://d277j9zyfmlsgc.cloudfront.net/EditedFiles/Studio 20_12-03-2024/Studio 20 12-03-2024-10-06-56-0139.jpeg,https://d277j9zyfmlsgc.cloudfront.net/EditedFiles/Studio 20_12-03-2024/Studio 20 12-03-2024-10-07-36-0140.jpeg,https://d277j9zyfmlsgc.cloudfront.net/EditedFiles/Studio 20_12-03-2024/Studio 20 12-03-2024-10-07-59-0141.jpeg,,,,,,,,Logo,,,,,Black,,,Cotton,Tracksuit Trousers Joggers,Drawstring,Regular,Polyester,Jersey,,,,,,,,,,,30,10,,,,28,,2024-03-12T10:08:50.1864209
BEN120324007 ,ADIDAS Womens Graphic Hoodie Jumper UK 6 XS Grey Cotton ,Adidas,Good Used Condition:  the has been worn but is well maintained and may show minor signs of wear,Womens,Clothing,Hoodies & Sweats,155226,,,,,1,XS,XS,XS,,,Hood string missing.,24.95,NO,,Graphic,Hoodie Jumper,,Hooded,Pockets,Comfort,,,https://d277j9zyfmlsgc.cloudfront.net/EditedFiles/Studio 20_12-03-2024/Studio 20 12-03-2024-10-10-55-0143.jpeg,https://d277j9zyfmlsgc.cloudfront.net/EditedFiles/Studio 20_12-03-2024/Studio 20 12-03-2024-10-11-55-0144.jpeg,https://d277j9zyfmlsgc.cloudfront.net/EditedFiles/Studio 20_12-03-2024/Studio 20 12-03-2024-10-12-24-0145.jpeg,,,,,,,,Logo,,,,,Grey,,,Cotton,Graphic Hoodie Jumper,Pullover,Relaxed,Polyester,Jersey,Round Neck,Long Sleeve,19,20,,,23,,,,,,,,,,,2024-03-12T10:13:13.3652735
BEN120324008 ,NIKE Womens Tracksuit Top Jacket UK 14  Large Pink Nylon ,Nike,Good Used Condition:  the has been worn but is well maintained and may show minor signs of wear,Womens,Clothing,Activewear Jackets,185079,,,,,1,L,Large,L,,,,22.95,NO,,,Tracksuit Top Jacket,,Full Zip,Comfort,,,,https://d277j9zyfmlsgc.cloudfront.net/EditedFiles/Studio 20_12-03-2024/Studio 20 12-03-2024-10-17-41-0147.jpeg,https://d277j9zyfmlsgc.cloudfront.net/EditedFiles/Studio 20_12-03-2024/Studio 20 12-03-2024-10-18-34-0148.jpeg,https://d277j9zyfmlsgc.cloudfront.net/EditedFiles/Studio 20_12-03-2024/Studio 20 12-03-2024-10-18-48-0149.jpeg,,,,,,,,Logo,,,,,Pink,,,Nylon,Tracksuit Top Jacket,Zip,Regular,,Microfibre,High Neck,Long Sleeve,19,21,,,25,,,,,,,,,,,2024-03-12T10:19:46.7396949
BEN120324009 ,ADIDAS Womens Graphic Vest Top UK 24/26  2XL  Beige Cotton ,Adidas,Good Used Condition:  the has been worn but is well maintained and may show minor signs of wear,Womens,Clothing,Tops & Blouses,53159,,,,,1,2XL,2XL,"UK 2XL, 24-26",,,,14.95,NO,,,Graphic Vest Top,,Comfort,,,,,https://d277j9zyfmlsgc.cloudfront.net/EditedFiles/Studio 20_12-03-2024/Studio 20 12-03-2024-10-22-57-0151.jpeg,https://d277j9zyfmlsgc.cloudfront.net/EditedFiles/Studio 20_12-03-2024/Studio 20 12-03-2024-10-24-08-0152.jpeg,https://d277j9zyfmlsgc.cloudfront.net/EditedFiles/Studio 20_12-03-2024/Studio 20 12-03-2024-10-24-49-0153.jpeg,,,,,,,,Logo,,,,,Beige,,,Cotton,Graphic Vest Top,Pullover,Regular,,Jersey,Round Neck,Sleeveless,22,,,,25,,,,,,,,,,,2024-03-12T10:27:30.3623454
BEN120324010 ,TOMMY HILFIGER Womens Crew Neck Jumper Sweater UK 10 Small Pink Cotton ,Tommy Hilfiger,Good Used Condition:  the has been worn but is well maintained and may show minor signs of wear,Womens,Clothing,Jumpers & Cardigans,63866,,,,,1,S,Small,S,,,,29.95,NO,,,Crew Neck Jumper Sweater,,Comfort,,,,,https://d277j9zyfmlsgc.cloudfront.net/EditedFiles/Studio 20_12-03-2024/Studio 20 12-03-2024-10-28-25-0155.jpeg,https://d277j9zyfmlsgc.cloudfront.net/EditedFiles/Studio 20_12-03-2024/Studio 20 12-03-2024-10-30-10-0156.jpeg,https://d277j9zyfmlsgc.cloudfront.net/EditedFiles/Studio 20_12-03-2024/Studio 20 12-03-2024-10-30-25-0157.jpeg,,,,,,,,Logo,,,,,Pink,,,Cotton,Crew Neck Jumper Sweater,Pullover,Regular,,Knit,Crew Neck,Long Sleeve,18,20,,,23,,,,,,,,,,,2024-03-12T10:31:09.9024486
BEN120324011 ,UNDER ARMOUR Womens Hooded Graphic T-Shirt Top UK 14 Medium Black ,Under Armour,Good Used Condition:  the has been worn but is well maintained and may show minor signs of wear,Womens,Clothing,T-Shirts,53159,,,,,1,M,Medium,M,,,,16.95,NO,,Hooded,Graphic T-Shirt Top,,Comfort,,,,,https://d277j9zyfmlsgc.cloudfront.net/EditedFiles/Studio 20_12-03-2024/Studio 20 12-03-2024-10-32-43-0159.jpeg,https://d277j9zyfmlsgc.cloudfront.net/EditedFiles/Studio 20_12-03-2024/Studio 20 12-03-2024-10-34-47-0160.jpeg,https://d277j9zyfmlsgc.cloudfront.net/EditedFiles/Studio 20_12-03-2024/Studio 20 12-03-2024-10-35-13-0161.jpeg,,,,,,,,Logo,,,,,Black,,,,Hooded Graphic T-Shirt Top,Pullover,Regular,,Jersey,Round Neck,Short Sleeve,20,,,,23,,,,,,,,,,,2024-03-12T10:36:08.9043778
BEN120324012 ,PUMA Womens Graphic Hoodie Jumper UK 10 Small Green Cotton ,Puma,Good Used Condition:  the has been worn but is well maintained and may show minor signs of wear,Womens,Clothing,Hoodies & Sweats,155226,,,,,1,S,Small,S,,,,22.95,NO,,Graphic,Hoodie Jumper,,Hooded,Pockets,Comfort,,,https://d277j9zyfmlsgc.cloudfront.net/EditedFiles/Studio 20_12-03-2024/Studio 20 12-03-2024-10-37-15-0163.jpeg,https://d277j9zyfmlsgc.cloudfront.net/EditedFiles/Studio 20_12-03-2024/Studio 20 12-03-2024-10-37-58-0164.jpeg,https://d277j9zyfmlsgc.cloudfront.net/EditedFiles/Studio 20_12-03-2024/Studio 20 12-03-2024-10-38-23-0165.jpeg,,,,,,,,Logo,,,,,Green,,,Cotton,Graphic Hoodie Jumper,Pullover,Regular,Polyester,Jersey,High Neck,Long Sleeve,18,19,,,22,,,,,,,,,,,2024-03-12T10:39:13.6965528
BEN120324013 ,HARD ROCK CAFE Womens Graphic Zip Hoodie Sweater UK 14 Large Off White ,Hard Rock Cafe,Good Used Condition:  the has been worn but is well maintained and may show minor signs of wear,Womens,Clothing,Hoodies & Sweats,155226,,,,,1,L,Large,L,,,,27.95,NO,,Graphic,Zip Hoodie Sweater,,Hooded,Full Zip,Pockets,,,https://d277j9zyfmlsgc.cloudfront.net/EditedFiles/Studio 20_12-03-2024/Studio 20 12-03-2024-10-40-18-0167.jpeg,https://d277j9zyfmlsgc.cloudfront.net/EditedFiles/Studio 20_12-03-2024/Studio 20 12-03-2024-10-41-20-0168.jpeg,https://d277j9zyfmlsgc.cloudfront.net/EditedFiles/Studio 20_12-03-2024/Studio 20 12-03-2024-10-41-35-0169.jpeg,,,,,,,,Logo,,,,,Off White,,,Cotton,Graphic Zip Hoodie Sweater,Zip,Regular,Polyester,Jersey,Round Neck,Long Sleeve,19,18,,,24,,,,,,,,,,,2024-03-12T10:42:33.4503067
BEN120324014 ,PUMA Womens Graphic T-Shirt Top UK 18 XL Red Cotton ,Puma,Good Used Condition:  the has been worn but is well maintained and may show minor signs of wear,Womens,Clothing,T-Shirts,53159,,,,,1,XL,XL,XL,,,Light marks on stomach.,14.95,NO,,,Graphic T-Shirt Top,,Comfort,,,,,https://d277j9zyfmlsgc.cloudfront.net/EditedFiles/Studio 20_12-03-2024/Studio 20 12-03-2024-10-43-52-0171.jpeg,https://d277j9zyfmlsgc.cloudfront.net/EditedFiles/Studio 20_12-03-2024/Studio 20 12-03-2024-10-44-30-0172.jpeg,https://d277j9zyfmlsgc.cloudfront.net/EditedFiles/Studio 20_12-03-2024/Studio 20 12-03-2024-10-44-45-0173.jpeg,,,,,,,,Logo,,,,,Red,,,Cotton,Graphic T-Shirt Top,Pullover,Slim,,Jersey,Round Neck,Short Sleeve,18,,,,24,,,,,,,,,,,2024-03-12T10:45:51.5785505
BEN120324015 ,VINTAGE Womens Sleeveless Cardigan Sweater UK 16 Large Yellow Cotton ,Vintage,Good Used Condition:  the has been worn but is well maintained and may show minor signs of wear,Womens,Clothing,Jumpers & Cardigans,63866,,,,,1,L,Large,L,,,,22.95,NO,,Sleeveless,Cardigan Sweater,,Full Zip,Comfort,,,,https://d277j9zyfmlsgc.cloudfront.net/EditedFiles/Studio 20_12-03-2024/Studio 20 12-03-2024-10-46-49-0175.jpeg,https://d277j9zyfmlsgc.cloudfront.net/EditedFiles/Studio 20_12-03-2024/Studio 20 12-03-2024-10-47-39-0176.jpeg,https://d277j9zyfmlsgc.cloudfront.net/EditedFiles/Studio 20_12-03-2024/Studio 20 12-03-2024-10-47-54-0177.jpeg,https://d277j9zyfmlsgc.cloudfront.net/EditedFiles/Studio 20_12-03-2024/Studio 20 12-03-2024-10-48-11-0178.jpeg,,,,,,,,,,,,Yellow,,,Cotton,Sleeveless Cardigan Sweater,Zip,Regular,Acrylic,Knit,V-Neck,Sleeveless,21,,,,23,,,,,,,,,,,2024-03-12T10:48:57.2894612
BEX120324001 ,NIKE Womens Vest Top UK 10 Small Grey Cotton ,Nike,Good Used Condition:  the has been worn but is well maintained and may show minor signs of wear,Womens,Clothing,Tops & Blouses,53159,,,,,1,S,Small,S,,,,14.95,NO,,,Vest Top,,Comfort,,,,,https://d277j9zyfmlsgc.cloudfront.net/EditedFiles/Studio 20_12-03-2024/Studio 20 12-03-2024-10-50-44-0180.jpeg,https://d277j9zyfmlsgc.cloudfront.net/EditedFiles/Studio 20_12-03-2024/Studio 20 12-03-2024-10-51-12-0181.jpeg,https://d277j9zyfmlsgc.cloudfront.net/EditedFiles/Studio 20_12-03-2024/Studio 20 12-03-2024-10-51-23-0182.jpeg,,,,,,,,Logo,,,,,Grey,,,Cotton,Vest Top,Pullover,Regular,Polyester,Jersey,Round Neck,Sleeveless,16,,,,19,,,,,,,,,,,2024-03-12T10:52:09.360409
BEX120324002 ,VINTAGE Womens Crew Neck Jumper Sweater UK 14 Medium Grey Floral ,Vintage,Good Used Condition:  the has been worn but is well maintained and may show minor signs of wear,Womens,Clothing,Jumpers & Cardigans,63866,,,,,1,M,Medium,M,,,,22.95,NO,,,Crew Neck Jumper Sweater,,Bodywarmer,Comfort,,,,https://d277j9zyfmlsgc.cloudfront.net/EditedFiles/Studio 20_12-03-2024/Studio 20 12-03-2024-10-53-29-0184.jpeg,https://d277j9zyfmlsgc.cloudfront.net/EditedFiles/Studio 20_12-03-2024/Studio 20 12-03-2024-10-53-59-0185.jpeg,https://d277j9zyfmlsgc.cloudfront.net/EditedFiles/Studio 20_12-03-2024/Studio 20 12-03-2024-10-54-24-0186.jpeg,,,,,,,,,,,,,Grey,,Floral,,Crew Neck Jumper Sweater,Pullover,Relaxed,,Knit,Crew Neck,Long Sleeve,23,18,,,23,,,,,,,,,,,2024-03-12T10:55:16.9427239
BEX120324003 ,VINTAGE Womens Crew Neck Jumper Sweater UK 16 Large Blue Cotton ,Vintage,Good Used Condition:  the has been worn but is well maintained and may show minor signs of wear,Womens,Clothing,Jumpers & Cardigans,63866,,,,,1,L,Large,N/A,,,,22.95,NO,,,Crew Neck Jumper Sweater,,Bodywarmer,Comfort,,,,https://d277j9zyfmlsgc.cloudfront.net/EditedFiles/Studio 20_12-03-2024/Studio 20 12-03-2024-10-57-09-0188.jpeg,https://d277j9zyfmlsgc.cloudfront.net/EditedFiles/Studio 20_12-03-2024/Studio 20 12-03-2024-10-57-49-0189.jpeg,,,,,,,,,,,,,,Blue,,,Cotton,Crew Neck Jumper Sweater,Pullover,Regular,Wool,Knit,Crew Neck,Long Sleeve,20,19,,,21,,,,,,,,,,,2024-03-12T10:58:47.4803789
BEX120324004 ,VINTAGE Womens Roll Neck Jumper Sweater UK 16 Large Pink ,Vintage,Good Used Condition:  the has been worn but is well maintained and may show minor signs of wear,Womens,Clothing,Jumpers & Cardigans,63866,,,,,1,L,Large,N/A,,,,22.95,NO,,,Roll Neck Jumper Sweater,,Bodywarmer,Comfort,,,,https://d277j9zyfmlsgc.cloudfront.net/EditedFiles/Studio 20_12-03-2024/Studio 20 12-03-2024-11-00-01-0191.jpeg,https://d277j9zyfmlsgc.cloudfront.net/EditedFiles/Studio 20_12-03-2024/Studio 20 12-03-2024-11-00-30-0192.jpeg,,,,,,,,,,,,,,Pink,,,,Roll Neck Jumper Sweater,Pullover,Regular,,Knit,Roll Neck,Long Sleeve,20,19,,,23,,,,,,,,,,,2024-03-12T11:01:44.1756069
BEX120324005 ,RALPH LAUREN Girls Ruffle Front Shirt 12-13 Years Large Pink Cotton ,Ralph Lauren,Good Used Condition:  the has been worn but is well maintained and may show minor signs of wear,Girls,Clothing,"T-Shirts, Tops & Shirts",260965,,,,,1,12-13 Years,12-13 Years,"L, 12/14",,,,18.95,NO,,,Ruffle Front Shirt,,Comfort,,,,,https://d277j9zyfmlsgc.cloudfront.net/EditedFiles/Studio 20_12-03-2024/Studio 20 12-03-2024-11-03-03-0194.jpeg,https://d277j9zyfmlsgc.cloudfront.net/EditedFiles/Studio 20_12-03-2024/Studio 20 12-03-2024-11-03-56-0195.jpeg,https://d277j9zyfmlsgc.cloudfront.net/EditedFiles/Studio 20_12-03-2024/Studio 20 12-03-2024-11-04-09-0196.jpeg,,,,,,,,Ruffle,Logo,,,,Pink,,,Cotton,Ruffle Front Shirt,Pullover,Regular,,Jersey,Round Neck,Long Sleeve,18,19,,,21,,,,,,,,,,,2024-03-12T11:04:54.3327599
BEX120324006 ,ADIDAS Womens Short Sleeve Zip Hoodie Sweater UK 10 Small Grey Cotton ,Adidas,Good Used Condition:  the has been worn but is well maintained and may show minor signs of wear,Womens,Clothing,Hoodies & Sweats,155226,,,,,1,10,Size 10,UK 10,,,,22.95,NO,,Short Sleeve,Zip Hoodie Sweater,,Hooded,Full Zip,Pockets,,,https://d277j9zyfmlsgc.cloudfront.net/EditedFiles/Studio 20_12-03-2024/Studio 20 12-03-2024-11-06-01-0198.jpeg,https://d277j9zyfmlsgc.cloudfront.net/EditedFiles/Studio 20_12-03-2024/Studio 20 12-03-2024-11-06-42-0199.jpeg,https://d277j9zyfmlsgc.cloudfront.net/EditedFiles/Studio 20_12-03-2024/Studio 20 12-03-2024-11-06-57-0200.jpeg,,,,,,,,Logo,,,,,Grey,,,Cotton,Short Sleeve Zip Hoodie Sweater,Zip,Regular,Elastane,Jersey,High Neck,Short Sleeve,17,,,,22,,,,,,,,,,,2024-03-12T11:07:44.9429539
BEX120324007 ,HOLLISTER Womens Graphic Hoodie Jumper UK 16 Large Black Cotton ,Hollister,Good Used Condition:  the has been worn but is well maintained and may show minor signs of wear,Womens,Clothing,Hoodies & Sweats,155226,,,,,1,L,Large,L,,,Fading colour.,22.95,NO,,Graphic,Hoodie Jumper,,Hooded,Pockets,Comfort,,,https://d277j9zyfmlsgc.cloudfront.net/EditedFiles/Studio 20_12-03-2024/Studio 20 12-03-2024-11-09-09-0202.jpeg,https://d277j9zyfmlsgc.cloudfront.net/EditedFiles/Studio 20_12-03-2024/Studio 20 12-03-2024-11-09-56-0203.jpeg,https://d277j9zyfmlsgc.cloudfront.net/EditedFiles/Studio 20_12-03-2024/Studio 20 12-03-2024-11-10-28-0204.jpeg,,,,,,,,Logo,,,,,Black,,,Cotton,Graphic Hoodie Jumper,Pullover,Regular,Polyester,Jersey,Round Neck,Long Sleeve,22,19,,,24,,,,,,,,,,,2024-03-12T11:12:05.3689992
BEX120324008 ,GAP Womens Graphic Zip Hoodie Sweater UK 18 XL Black Cotton ,Gap,Good Used Condition:  the has been worn but is well maintained and may show minor signs of wear,Womens,Clothing,Hoodies & Sweats,155226,,,,,1,XL,XL,XL,,,Bobbling material.,22.95,NO,,Graphic,Zip Hoodie Sweater,,Hooded,Full Zip,Pockets,,,https://d277j9zyfmlsgc.cloudfront.net/EditedFiles/Studio 20_12-03-2024/Studio 20 12-03-2024-11-14-34-0206.jpeg,https://d277j9zyfmlsgc.cloudfront.net/EditedFiles/Studio 20_12-03-2024/Studio 20 12-03-2024-11-15-25-0207.jpeg,https://d277j9zyfmlsgc.cloudfront.net/EditedFiles/Studio 20_12-03-2024/Studio 20 12-03-2024-11-15-54-0208.jpeg,,,,,,,,Logo,,,,,Black,,,Cotton,Graphic Zip Hoodie Sweater,Zip,Regular,Polyester,Jersey,Round Neck,Long Sleeve,22,20,,,23,,,,,,,,,,,2024-03-12T11:16:38.931315
BEX120324009 ,FAT FACE Womens Graphic T-Shirt Top UK 18 XL Blue Cotton ,Fat Face,Good Used Condition:  the has been worn but is well maintained and may show minor signs of wear,Womens,Clothing,T-Shirts,53159,,,,,1,XL,XL,XL,,,,16.95,NO,,,Graphic T-Shirt Top,,Comfort,,,,,https://d277j9zyfmlsgc.cloudfront.net/EditedFiles/Studio 20_12-03-2024/Studio 20 12-03-2024-11-17-36-0210.jpeg,https://d277j9zyfmlsgc.cloudfront.net/EditedFiles/Studio 20_12-03-2024/Studio 20 12-03-2024-11-18-28-0211.jpeg,https://d277j9zyfmlsgc.cloudfront.net/EditedFiles/Studio 20_12-03-2024/Studio 20 12-03-2024-11-18-42-0212.jpeg,,,,,,,,Logo,,,,,Blue,,,Cotton,Graphic T-Shirt Top,Pullover,Regular,,Jersey,Round Neck,Short Sleeve,23,,,,28,,,,,,,,,,,2024-03-12T11:19:27.8592409
BEX120324011 ,LOTTO Mens Polo Shirt XL Green Cotton ,Lotto,Good Used Condition:  the has been worn but is well maintained and may show minor signs of wear,Mens,Clothing,Polo Shirts,185101,,,,,1,XL,XL,XL,,,,14.95,NO,,,Polo Shirt,,Collared,,,,,https://d277j9zyfmlsgc.cloudfront.net/EditedFiles/Studio 20_12-03-2024/Studio 20 12-03-2024-11-29-20-0218.jpeg,https://d277j9zyfmlsgc.cloudfront.net/EditedFiles/Studio 20_12-03-2024/Studio 20 12-03-2024-11-30-08-0219.jpeg,https://d277j9zyfmlsgc.cloudfront.net/EditedFiles/Studio 20_12-03-2024/Studio 20 12-03-2024-11-30-29-0220.jpeg,,,,,,,,Logo,,,,,Green,,,Cotton,Polo Shirt,Pullover,Extra-Slim,,Jersey,Collared,Short Sleeve,20,,,,28,,,,,,,,,,,2024-03-12T11:31:26.8567599
BEX120324012 ,PULL & BEAR Mens Graphic T-Shirt Top Medium Yellow ,Pull & Bear,Good Used Condition:  the has been worn but is well maintained and may show minor signs of wear,Mens,Clothing,T-Shirts,15687,,,,,1,M,Medium,EUR M,,,,16.95,NO,,,Graphic T-Shirt Top,,Comfort,,,,,https://d277j9zyfmlsgc.cloudfront.net/EditedFiles/Studio 20_12-03-2024/Studio 20 12-03-2024-11-32-41-0222.jpeg,https://d277j9zyfmlsgc.cloudfront.net/EditedFiles/Studio 20_12-03-2024/Studio 20 12-03-2024-11-33-19-0223.jpeg,https://d277j9zyfmlsgc.cloudfront.net/EditedFiles/Studio 20_12-03-2024/Studio 20 12-03-2024-11-33-30-0224.jpeg,,,,,,,,Logo,,,,,Yellow,,,,Graphic T-Shirt Top,Pullover,Regular,,Jersey,Round Neck,Short Sleeve,21,,,,26,,,,,,,,,,,2024-03-12T11:34:10.1565323
BEX120324013 ,VINTAGE Mens Crew Neck Jumper Sweater XL Green Flecked Wool ,Vintage,Good Used Condition:  the has been worn but is well maintained and may show minor signs of wear,Mens,Clothing,Jumpers & Cardigans,11484,,,,,1,XL,XL,XL,,,,22.95,NO,,,Crew Neck Jumper Sweater,,Bodywarmer,Comfort,,,,https://d277j9zyfmlsgc.cloudfront.net/EditedFiles/Studio 20_12-03-2024/Studio 20 12-03-2024-11-35-20-0226.jpeg,https://d277j9zyfmlsgc.cloudfront.net/EditedFiles/Studio 20_12-03-2024/Studio 20 12-03-2024-11-36-03-0227.jpeg,https://d277j9zyfmlsgc.cloudfront.net/EditedFiles/Studio 20_12-03-2024/Studio 20 12-03-2024-11-36-32-0228.jpeg,,,,,,,,,,,,,Green,,Flecked,Wool,Crew Neck Jumper Sweater,Pullover,Regular,,Knit,Crew Neck,Long Sleeve,24,21,,,26,,,,,,,,,,,2024-03-12T11:37:32.5938284
BEX120324014 ,VINTAGE Mens Turtle Neck Jumper Sweater Large Black Wool ,Vintage,Good Used Condition:  the has been worn but is well maintained and may show minor signs of wear,Mens,Clothing,Jumpers & Cardigans,11484,,,,,1,L,Large,N/A,,,,22.95,NO,,,Turtle Neck Jumper Sweater,,Bodywarmer,Comfort,,,,https://d277j9zyfmlsgc.cloudfront.net/EditedFiles/Studio 20_12-03-2024/Studio 20 12-03-2024-11-42-36-0230.jpeg,https://d277j9zyfmlsgc.cloudfront.net/EditedFiles/Studio 20_12-03-2024/Studio 20 12-03-2024-11-43-14-0231.jpeg,,,,,,,,,,,,,,Black,,,Wool,Turtle Neck Jumper Sweater,Pullover,Regular,,Knit,Mock Neck,Long Sleeve,24,21,,,24,,,,,,,,,,,2024-03-12T11:44:33.0786595
BEX120324015 ,VINTAGE Mens V-Neck Jumper Sweater Large Black Wool ,Vintage,Good Used Condition:  the has been worn but is well maintained and may show minor signs of wear,Mens,Clothing,Jumpers & Cardigans,11484,,,,,1,L,Large,L,,,,22.95,NO,,,V-Neck Jumper Sweater,,Bodywarmer,Comfort,,,,https://d277j9zyfmlsgc.cloudfront.net/EditedFiles/Studio 20_12-03-2024/Studio 20 12-03-2024-11-48-54-0233.jpeg,https://d277j9zyfmlsgc.cloudfront.net/EditedFiles/Studio 20_12-03-2024/Studio 20 12-03-2024-11-49-48-0234.jpeg,https://d277j9zyfmlsgc.cloudfront.net/EditedFiles/Studio 20_12-03-2024/Studio 20 12-03-2024-11-50-05-0235.jpeg,,,,,,,,,,,,,Black,,,Wool,V-Neck Jumper Sweater,Pullover,Regular,Acrylic,Knit,V-Neck,Long Sleeve,22,21,,,28,,,,,,,,,,,2024-03-12T11:50:57.6461018
AWX120324001 ,VINTAGE Mens Windbreaker Jacket IT 48 Medium Red Colourblock Sports ,Vintage,Good Used Condition:  the has been worn but is well maintained and may show minor signs of wear,Mens,Clothing,Coats & Jackets,57988,,,,,1,M,Medium,48/44,,,Mark on collar.,32.95,NO,,,Windbreaker Jacket,Sports,,,,,,https://d277j9zyfmlsgc.cloudfront.net/EditedFiles/Studio 20_12-03-2024/Studio 20 12-03-2024-11-58-52-0237.jpeg,https://d277j9zyfmlsgc.cloudfront.net/EditedFiles/Studio 20_12-03-2024/Studio 20 12-03-2024-11-59-33-0238.jpeg,https://d277j9zyfmlsgc.cloudfront.net/EditedFiles/Studio 20_12-03-2024/Studio 20 12-03-2024-12-00-02-0239.jpeg,https://d277j9zyfmlsgc.cloudfront.net/EditedFiles/Studio 20_12-03-2024/Studio 20 12-03-2024-12-00-13-0240.jpeg,,,,,,,,,,,,Red,,Colourblock,Polyamide,Windbreaker Jacket,Zip,Regular,,Microfibre,High Neck,Long Sleeve,23,20,38,,26,,,,,,,,,,,2024-03-12T12:01:14.1374939
AWX120324002 ,J. CREW Womens Quilted Gilet UK 10 Small Grey Herringbone Polyester ,J. Crew,Good Used Condition:  the has been worn but is well maintained and may show minor signs of wear,Womens,Clothing,Coats & Jackets,63862,,,,,1,S,Small,S,,,,29.95,NO,,,Quilted Gilet,,Full Zip,Pockets,Comfort,,,https://d277j9zyfmlsgc.cloudfront.net/EditedFiles/Studio 20_12-03-2024/Studio 20 12-03-2024-12-32-08-0242.jpeg,https://d277j9zyfmlsgc.cloudfront.net/EditedFiles/Studio 20_12-03-2024/Studio 20 12-03-2024-12-32-39-0243.jpeg,https://d277j9zyfmlsgc.cloudfront.net/EditedFiles/Studio 20_12-03-2024/Studio 20 12-03-2024-12-33-09-0244.jpeg,,,,,,,,,,,,,Grey,,Herringbone,Polyester,Quilted Gilet,Zip,Relaxed,,Microfibre,High Neck,Long Sleeve,19,,,,24,,,,,,,,,,,2024-03-12T12:34:08.656839
AWX120324003 ,VINTAGE Womens Leather Coat EU 44 XL Black ,Vintage,Good Used Condition:  the has been worn but is well maintained and may show minor signs of wear,Womens,Clothing,Coats & Jackets,63862,,,,,1,XL,XL,44,,,,36.95,NO,,,Leather Coat,,Pockets,Comfort,,,,https://d277j9zyfmlsgc.cloudfront.net/EditedFiles/Studio 20_12-03-2024/Studio 20 12-03-2024-12-35-35-0246.jpeg,https://d277j9zyfmlsgc.cloudfront.net/EditedFiles/Studio 20_12-03-2024/Studio 20 12-03-2024-12-36-24-0247.jpeg,https://d277j9zyfmlsgc.cloudfront.net/EditedFiles/Studio 20_12-03-2024/Studio 20 12-03-2024-12-36-41-0248.jpeg,,,,,,,,Fur Trim,,,,,Black,,,,Leather Coat,Button,Regular,,Leather,Collared,Long Sleeve,23,17,,,30,,,,,,,,,,,2024-03-12T12:38:11.1367275
AWX120324004 ,STEINBOCK Mens Bomber Jacket IT 48 Medium Khaki Wool ,Steinbock,Good Used Condition:  the has been worn but is well maintained and may show minor signs of wear,Mens,Clothing,Coats & Jackets,57988,,,,,1,M,Medium,48,Khaki.,,,89.95,NO,,,Bomber Jacket,,Pockets,Comfort,,,,https://d277j9zyfmlsgc.cloudfront.net/EditedFiles/Studio 20_12-03-2024/Studio 20 12-03-2024-12-45-27-0250.jpeg,https://d277j9zyfmlsgc.cloudfront.net/EditedFiles/Studio 20_12-03-2024/Studio 20 12-03-2024-12-46-06-0251.jpeg,https://d277j9zyfmlsgc.cloudfront.net/EditedFiles/Studio 20_12-03-2024/Studio 20 12-03-2024-12-46-38-0252.jpeg,https://d277j9zyfmlsgc.cloudfront.net/EditedFiles/Studio 20_12-03-2024/Studio 20 12-03-2024-12-46-57-0253.jpeg,,,,,,,,,,,,Khaki,,,Wool,Bomber Jacket,Snap,Regular,Polyamide,Woven,Mock Neck,Long Sleeve,21,16,38,,26,,,,,,,,,,,2024-03-12T12:47:44.6125369
AWX120324005 ,BROOKSFIELD Mens Overcoat IT 48 Medium Black Wool ,Brooksfield,Good Used Condition:  the has been worn but is well maintained and may show minor signs of wear,Mens,Clothing,Coats & Jackets,57988,,,,,1,M,Medium,48,,,,36.95,NO,,,Overcoat,,Pockets,Collared,,,,https://d277j9zyfmlsgc.cloudfront.net/EditedFiles/Studio 20_12-03-2024/Studio 20 12-03-2024-12-53-47-0255.jpeg,https://d277j9zyfmlsgc.cloudfront.net/EditedFiles/Studio 20_12-03-2024/Studio 20 12-03-2024-12-54-45-0256.jpeg,https://d277j9zyfmlsgc.cloudfront.net/EditedFiles/Studio 20_12-03-2024/Studio 20 12-03-2024-12-55-02-0257.jpeg,https://d277j9zyfmlsgc.cloudfront.net/EditedFiles/Studio 20_12-03-2024/Studio 20 12-03-2024-12-55-14-0258.jpeg,,,,,,,,,,,,Black,,,Wool,Overcoat,Button,Regular,,Woven,Collared,Long Sleeve,23,18,38,,30,,,,,,,,,,,2024-03-12T12:56:08.8792974
AWX120324006 ,HIGH SKY Mens 2 Button Blazer Jacket UK 38 Medium Grey ,High Sky,Good Used Condition:  the has been worn but is well maintained and may show minor signs of wear,Mens,Clothing,Coats & Jackets,57988,,,,,1,M,Medium,N/A,,,,29.95,NO,,2 Button,Blazer Jacket,,Lined,Pockets,Collared,,,https://d277j9zyfmlsgc.cloudfront.net/EditedFiles/Studio 20_12-03-2024/Studio 20 12-03-2024-12-58-14-0260.jpeg,https://d277j9zyfmlsgc.cloudfront.net/EditedFiles/Studio 20_12-03-2024/Studio 20 12-03-2024-12-58-41-0261.jpeg,https://d277j9zyfmlsgc.cloudfront.net/EditedFiles/Studio 20_12-03-2024/Studio 20 12-03-2024-12-58-57-0262.jpeg,,,,,,,,,,,,,Grey,,,,2 Button Blazer Jacket,Button,Regular,,Woven,Collared,Long Sleeve,20,17,38,,30,,,,,,,,,,,2024-03-12T12:59:55.712854
AWX120324007 ,VINTAGE Mens Bomber Leather Jacket IT 48 Medium Black Leather ,Vintage,Good Used Condition:  the has been worn but is well maintained and may show minor signs of wear,Mens,Clothing,Coats & Jackets,57988,,,,,1,M,Medium,48,,,,32.96,NO,,Bomber,Leather Jacket,,Full Zip,Pockets,Comfort,,,https://d277j9zyfmlsgc.cloudfront.net/EditedFiles/Studio 20_12-03-2024/Studio 20 12-03-2024-13-01-38-0264.jpeg,https://d277j9zyfmlsgc.cloudfront.net/EditedFiles/Studio 20_12-03-2024/Studio 20 12-03-2024-13-02-35-0265.jpeg,https://d277j9zyfmlsgc.cloudfront.net/EditedFiles/Studio 20_12-03-2024/Studio 20 12-03-2024-13-02-54-0266.jpeg,,,,,,,,,,,,,Black,,,Leather,Bomber Leather Jacket,Zip,Regular,,Leather,High Neck,Long Sleeve,20,19,38,,26,,,,,,,,,,,2024-03-12T13:03:50.7593944
AWX120324008 ,VINTAGE Mens Leather Jacket IT 48 Medium Brown Leather ,Vintage,Good Used Condition:  the has been worn but is well maintained and may show minor signs of wear,Mens,Clothing,Coats & Jackets,57988,,,,,1,M,Medium,48,,,Loose seams on sleeves and under armpits.,36.95,NO,,,Leather Jacket,,Pockets,Comfort,,,,https://d277j9zyfmlsgc.cloudfront.net/EditedFiles/Studio 20_12-03-2024/Studio 20 12-03-2024-13-05-30-0268.jpeg,https://d277j9zyfmlsgc.cloudfront.net/EditedFiles/Studio 20_12-03-2024/Studio 20 12-03-2024-13-06-54-0269.jpeg,https://d277j9zyfmlsgc.cloudfront.net/EditedFiles/Studio 20_12-03-2024/Studio 20 12-03-2024-13-07-53-0270.jpeg,,,,,,,,,,,,,Brown,,,Leather,Leather Jacket,Button,Regular,,Leather,Collared,Long Sleeve,18,18,38,,27,,,,,,,,,,,2024-03-12T13:08:48.570729
AWX120324009 ,ORVIS Mens 3 Button Blazer Jacket UK 44 2XL Brown Chevron Wool ,Orvis,Good Used Condition:  the has been worn but is well maintained and may show minor signs of wear,Mens,Clothing,Coats & Jackets,57988,,,,,1,2XL,2XL,44 R,,,,34.95,NO,,3 Button,Blazer Jacket,,Lined,Pockets,Collared,,,https://d277j9zyfmlsgc.cloudfront.net/EditedFiles/Studio 20_12-03-2024/Studio 20 12-03-2024-13-10-31-0272.jpeg,https://d277j9zyfmlsgc.cloudfront.net/EditedFiles/Studio 20_12-03-2024/Studio 20 12-03-2024-13-11-26-0273.jpeg,https://d277j9zyfmlsgc.cloudfront.net/EditedFiles/Studio 20_12-03-2024/Studio 20 12-03-2024-13-13-12-0274.jpeg,https://d277j9zyfmlsgc.cloudfront.net/EditedFiles/Studio 20_12-03-2024/Studio 20 12-03-2024-13-13-33-0275.jpeg,,,,,,,,,,,,Brown,,Chevron,Wool,3 Button Blazer Jacket,Button,Slim,,Woven,Collared,Long Sleeve,22,17,44,,31,,,,,,,,,,,2024-03-12T13:14:29.3371263
AWX120324010 ,VINTAGE Mens Double Breasted Blazer Jacket IT 52 XL Navy Blue ,Vintage,Good Used Condition:  the has been worn but is well maintained and may show minor signs of wear,Mens,Clothing,Coats & Jackets,57988,,,,,1,XL,XL,52 R,Navy.,,,29.95,NO,,Double Breasted,Blazer Jacket,,Lined,Pockets,Collared,,,https://d277j9zyfmlsgc.cloudfront.net/EditedFiles/Studio 20_12-03-2024/Studio 20 12-03-2024-13-16-22-0277.jpeg,https://d277j9zyfmlsgc.cloudfront.net/EditedFiles/Studio 20_12-03-2024/Studio 20 12-03-2024-13-16-59-0278.jpeg,https://d277j9zyfmlsgc.cloudfront.net/EditedFiles/Studio 20_12-03-2024/Studio 20 12-03-2024-13-17-47-0279.jpeg,,,,,,,,,,,,,Navy Blue,,,,Double Breasted Blazer Jacket,Button,Slim,,Woven,Collared,Long Sleeve,20,15,42,,28,,,,,,,,,,,2024-03-12T13:18:52.9153923
AWX120324011 ,JACK & JONES Mens Core Hooded Padded Jacket UK 40 Large Black ,Jack & Jones,Good Used Condition:  the has been worn but is well maintained and may show minor signs of wear,Mens,Clothing,Coats & Jackets,57988,,,,,1,L,Large,L,,,,39.95,NO,,Hooded,Padded Jacket,,Full Zip,Padded,Pockets,Comfort,,https://d277j9zyfmlsgc.cloudfront.net/EditedFiles/Studio 20_12-03-2024/Studio 20 12-03-2024-13-20-17-0281.jpeg,https://d277j9zyfmlsgc.cloudfront.net/EditedFiles/Studio 20_12-03-2024/Studio 20 12-03-2024-13-20-51-0282.jpeg,https://d277j9zyfmlsgc.cloudfront.net/EditedFiles/Studio 20_12-03-2024/Studio 20 12-03-2024-13-21-05-0283.jpeg,,,,,,,,Logo,,,,,Black,Core,,,Hooded Padded Jacket,Zip,Regular,,Microfibre,High Neck,Long Sleeve,22,20,40,,26,,,,,,,,,,,2024-03-12T13:21:54.4600644
AWX120324012 ,MURPHY & NYE Mens Bomber Jacket UK 40 Large Navy Blue ,Murphy & Nye,Good Used Condition:  the has been worn but is well maintained and may show minor signs of wear,Mens,Clothing,Coats & Jackets,57988,,,,,1,L,Large,L,Navy.,,Bobbling material.,39.95,NO,,,Bomber Jacket,,Full Zip,Zipped Pockets,Comfort,,,https://d277j9zyfmlsgc.cloudfront.net/EditedFiles/Studio 20_12-03-2024/Studio 20 12-03-2024-13-23-55-0285.jpeg,https://d277j9zyfmlsgc.cloudfront.net/EditedFiles/Studio 20_12-03-2024/Studio 20 12-03-2024-13-24-36-0286.jpeg,https://d277j9zyfmlsgc.cloudfront.net/EditedFiles/Studio 20_12-03-2024/Studio 20 12-03-2024-13-25-11-0287.jpeg,,,,,,,,Logo,,,,,Navy Blue,,,,Bomber Jacket,Zip,Relaxed,,Microfleece,High Neck,Long Sleeve,26,22,40,,26,,,,,,,,,,,2024-03-12T13:26:04.6589109
AWX120324013 ,VINTAGE Mens 2 Button Blazer Jacket IT 48 Medium Navy Blue ,Vintage,Good Used Condition:  the has been worn but is well maintained and may show minor signs of wear,Mens,Clothing,Coats & Jackets,57988,,,,,1,M,Medium,48,Navy.,,,29.95,NO,,2 Button,Blazer Jacket,,Lined,Pockets,Collared,,,https://d277j9zyfmlsgc.cloudfront.net/EditedFiles/Studio 20_12-03-2024/Studio 20 12-03-2024-13-29-27-0289.jpeg,https://d277j9zyfmlsgc.cloudfront.net/EditedFiles/Studio 20_12-03-2024/Studio 20 12-03-2024-13-30-01-0290.jpeg,https://d277j9zyfmlsgc.cloudfront.net/EditedFiles/Studio 20_12-03-2024/Studio 20 12-03-2024-13-31-45-0291.jpeg,,,,,,,,,,,,,Navy Blue,,,,2 Button Blazer Jacket,Button,Slim,,Woven,Collared,Long Sleeve,19,17,38,,29,,,,,,,,,,,2024-03-12T13:32:37.0852412
AWX120324014 ,VINTAGE Womens Bomber Suede Jacket IT 42 Medium Blue Suede ,Vintage,Fair Used Condition: the item has been frequently worn and may have numerous flaws,Womens,Clothing,Coats & Jackets,63862,,,,,1,M,Medium,42,,,Wearing marks all over.,29.95,NO,,Bomber,Suede Jacket,,Pockets,Comfort,,,,https://d277j9zyfmlsgc.cloudfront.net/EditedFiles/Studio 20_12-03-2024/Studio 20 12-03-2024-13-34-33-0293.jpeg,https://d277j9zyfmlsgc.cloudfront.net/EditedFiles/Studio 20_12-03-2024/Studio 20 12-03-2024-13-35-19-0294.jpeg,https://d277j9zyfmlsgc.cloudfront.net/EditedFiles/Studio 20_12-03-2024/Studio 20 12-03-2024-13-36-05-0295.jpeg,,,,,,,,,,,,,Blue,,,Suede,Bomber Suede Jacket,Button,Relaxed,,Leather,V-Neck,Long Sleeve,23,15,,,25,,,,,,,,,,,2024-03-12T13:37:21.4144388
AWX120324015 ,VINTAGE Womens Hooded Raincoat UK 10 Small Grey Polyurethane ,Vintage,Good Used Condition:  the has been worn but is well maintained and may show minor signs of wear,Womens,Clothing,Coats & Jackets,63862,,,,,1,S,Small,S,Grey.,,,36.95,NO,,Hooded,Raincoat,,,,,,,https://d277j9zyfmlsgc.cloudfront.net/EditedFiles/Studio 20_12-03-2024/Studio 20 12-03-2024-13-40-32-0297.jpeg,https://d277j9zyfmlsgc.cloudfront.net/EditedFiles/Studio 20_12-03-2024/Studio 20 12-03-2024-13-41-22-0298.jpeg,https://d277j9zyfmlsgc.cloudfront.net/EditedFiles/Studio 20_12-03-2024/Studio 20 12-03-2024-13-41-47-0299.jpeg,,,,,,,,,,,,,Grey,,,Polyurethane,Hooded Raincoat,Zip,Relaxed,,Microfibre,High Neck,Long Sleeve,19,18,,,33,,,,,,,,,,,2024-03-12T13:43:08.168198
AWX120324016 ,BROOKS BROTHERS Mens Shirt Size 15 34 Medium White Check Cotton ,Brooks Brothers,Good Used Condition:  the has been worn but is well maintained and may show minor signs of wear,Mens,Clothing,Shirts,57990,,,,,1,M,Medium,15-34,,,Stains on collar.,16.95,NO,,,Shirt,,Cuffed,Pockets,Collared,,,https://d277j9zyfmlsgc.cloudfront.net/EditedFiles/Studio 20_12-03-2024/Studio 20 12-03-2024-13-45-51-0301.jpeg,https://d277j9zyfmlsgc.cloudfront.net/EditedFiles/Studio 20_12-03-2024/Studio 20 12-03-2024-13-46-51-0302.jpeg,https://d277j9zyfmlsgc.cloudfront.net/EditedFiles/Studio 20_12-03-2024/Studio 20 12-03-2024-13-47-05-0303.jpeg,,,,,,,,,,,,,White,,Check,Cotton,Shirt,Button,Regular,,Woven,Collared,Long Sleeve,22,22,,,31,,,,,,,,,,,2024-03-12T13:47:51.3241193
AWX120324017 ,BROOKS BROTHERS Mens Slim Fit Shirt Size 15 34 Medium Blue Striped Cotton ,Brooks Brothers,Good Used Condition:  the has been worn but is well maintained and may show minor signs of wear,Mens,Clothing,Shirts,57990,,,,,1,M,Medium,15-34,,,,16.95,NO,,Slim Fit,Shirt,,Cuffed,Pockets,Collared,,,https://d277j9zyfmlsgc.cloudfront.net/EditedFiles/Studio 20_12-03-2024/Studio 20 12-03-2024-13-51-39-0305.jpeg,https://d277j9zyfmlsgc.cloudfront.net/EditedFiles/Studio 20_12-03-2024/Studio 20 12-03-2024-13-52-18-0306.jpeg,https://d277j9zyfmlsgc.cloudfront.net/EditedFiles/Studio 20_12-03-2024/Studio 20 12-03-2024-13-52-31-0307.jpeg,,,,,,,,,,,,,Blue,,Striped,Cotton,Slim Fit Shirt,Button,Slim,,Woven,Collared,Long Sleeve,21,21,,,31,,,,,,,,,,,2024-03-12T13:53:27.3939734
AWX120324018 ,BROOKS BROTHERS Mens NON - IRON Slim Fit Shirt Size 15 1/2 34 Medium Blue ,Brooks Brothers,Good Used Condition:  the has been worn but is well maintained and may show minor signs of wear,Mens,Clothing,Shirts,57990,,,,,1,M,Medium,15 1/2 - 34,,,,16.95,NO,,Slim Fit,Shirt,,Cuffed,Pockets,Collared,,,https://d277j9zyfmlsgc.cloudfront.net/EditedFiles/Studio 20_12-03-2024/Studio 20 12-03-2024-13-55-44-0309.jpeg,https://d277j9zyfmlsgc.cloudfront.net/EditedFiles/Studio 20_12-03-2024/Studio 20 12-03-2024-13-56-23-0310.jpeg,https://d277j9zyfmlsgc.cloudfront.net/EditedFiles/Studio 20_12-03-2024/Studio 20 12-03-2024-13-56-53-0311.jpeg,,,,,,,,,,,,,Blue,NON - IRON,Striped,Cotton,Slim Fit Shirt,Button,Slim,,Woven,Collared,Long Sleeve,21,21,,,31,,,,,,,,,,,2024-03-12T13:57:45.1102899
AWX120324019 ,BROOKS BROTHERS Mens NON - IRON Slim Fit Shirt Size 15 1/2 34 Medium White ,Brooks Brothers,Good Used Condition:  the has been worn but is well maintained and may show minor signs of wear,Mens,Clothing,Shirts,57990,,,,,1,M,Medium,"15 1/2, 34",,,Light mark on left sleeve.,16.95,NO,,Slim Fit,Shirt,,Cuffed,Pockets,Collared,,,https://d277j9zyfmlsgc.cloudfront.net/EditedFiles/Studio 20_12-03-2024/Studio 20 12-03-2024-14-00-00-0313.jpeg,https://d277j9zyfmlsgc.cloudfront.net/EditedFiles/Studio 20_12-03-2024/Studio 20 12-03-2024-14-00-57-0314.jpeg,https://d277j9zyfmlsgc.cloudfront.net/EditedFiles/Studio 20_12-03-2024/Studio 20 12-03-2024-14-01-25-0315.jpeg,,,,,,,,,,,,,White,NON - IRON,Striped,Cotton,Slim Fit Shirt,Button,Regular,,Woven,Collared,Long Sleeve,21,21,,,31,,,,,,,,,,,2024-03-12T14:02:15.0909215
AWX120324020 ,MARLBORO CLASSICS Mens Shirt 2XL Brown Striped ,Marlboro Classics,Good Used Condition:  the has been worn but is well maintained and may show minor signs of wear,Mens,Clothing,Shirts,57990,,,,,1,2XL,2XL,2XL,,,,16.95,NO,,,Shirt,,Cuffed,Collared,,,,https://d277j9zyfmlsgc.cloudfront.net/EditedFiles/Studio 20_12-03-2024/Studio 20 12-03-2024-14-11-46-0317.jpeg,https://d277j9zyfmlsgc.cloudfront.net/EditedFiles/Studio 20_12-03-2024/Studio 20 12-03-2024-14-12-19-0318.jpeg,https://d277j9zyfmlsgc.cloudfront.net/EditedFiles/Studio 20_12-03-2024/Studio 20 12-03-2024-14-12-34-0319.jpeg,,,,,,,,Logo,,,,,Brown,,Striped,,Shirt,Button,Regular,,Woven,Collared,Long Sleeve,27,19,,,32,,,,,,,,,,,2024-03-12T14:13:29.8166866
AWZ120324001 ,ADIDAS Boys Tracksuit Top Jacket 11-12 Years Navy Blue Colourblock ,Adidas,Good Used Condition:  the has been worn but is well maintained and may show minor signs of wear,Boys,Clothing,Activewear Jackets,260968,,,,,1,11-12 Years,11-12 Years,UK 11-12 y,,,,16.95,NO,,,Tracksuit Top Jacket,,Full Zip,Pockets,Comfort,,,https://d277j9zyfmlsgc.cloudfront.net/EditedFiles/Studio 20_12-03-2024/Studio 20 12-03-2024-14-18-25-0321.jpeg,https://d277j9zyfmlsgc.cloudfront.net/EditedFiles/Studio 20_12-03-2024/Studio 20 12-03-2024-14-19-13-0322.jpeg,https://d277j9zyfmlsgc.cloudfront.net/EditedFiles/Studio 20_12-03-2024/Studio 20 12-03-2024-14-19-30-0323.jpeg,,,,,,,,Logo,,,,,Navy Blue,,Colourblock,Polyester,Tracksuit Top Jacket,Zip,Regular,,Microfibre,High Neck,Long Sleeve,16,17,,,22,,,,,,,,,,,2024-03-12T14:20:22.6531363
AWZ120324002 ,TIMBERLAND Boys Polo Shirt 13-14 Years Small Yellow Cotton ,Timberland,Good Used Condition:  the has been worn but is well maintained and may show minor signs of wear,Boys,Clothing,Polo Shirts,260966,,,,,1,13-14 Years,13-14 Years,"S, 14",,,,14.95,NO,,,Polo Shirt,,Collared,,,,,https://d277j9zyfmlsgc.cloudfront.net/EditedFiles/Studio 20_12-03-2024/Studio 20 12-03-2024-14-22-30-0325.jpeg,https://d277j9zyfmlsgc.cloudfront.net/EditedFiles/Studio 20_12-03-2024/Studio 20 12-03-2024-14-23-06-0326.jpeg,https://d277j9zyfmlsgc.cloudfront.net/EditedFiles/Studio 20_12-03-2024/Studio 20 12-03-2024-14-23-19-0327.jpeg,,,,,,,,Logo,,,,,Yellow,,,Cotton,Polo Shirt,Pullover,Regular,,Jersey,Collared,Short Sleeve,16,,,,21,,,,,,,,,,,2024-03-12T14:24:06.1102838
AWZ120324003 ,ARENA Girls Graphic Hoodie Jumper 11-12 Years Black Cotton ,Arena,Good Used Condition:  the has been worn but is well maintained and may show minor signs of wear,Girls,Clothing,Hoodies & Sweats,152554,,,,,1,11-12 Years,11-12 Years,12,,,,16.95,NO,,Graphic,Hoodie Jumper,,Hooded,Pockets,Comfort,,,https://d277j9zyfmlsgc.cloudfront.net/EditedFiles/Studio 20_12-03-2024/Studio 20 12-03-2024-14-25-48-0329.jpeg,https://d277j9zyfmlsgc.cloudfront.net/EditedFiles/Studio 20_12-03-2024/Studio 20 12-03-2024-14-26-40-0330.jpeg,https://d277j9zyfmlsgc.cloudfront.net/EditedFiles/Studio 20_12-03-2024/Studio 20 12-03-2024-14-26-57-0331.jpeg,,,,,,,,Logo,,,,,Black,,,Cotton,Graphic Hoodie Jumper,Pullover,Regular,Polyester,Jersey,Round Neck,Long Sleeve,15,18,,,24,,,,,,,,,,,2024-03-12T14:27:48.6816891
AWZ120324004 ,NIKE Boys Vest Top 12-13 Years Large Black Cotton ,Nike,Good Used Condition:  the has been worn but is well maintained and may show minor signs of wear,Boys,Clothing,"T-Shirts, Tops & Shirts",260966,,,,,1,12-13 Years,12-13 Years,"L, 12/13",,,Fading colour.,12.95,NO,,,Vest Top,,Comfort,,,,,https://d277j9zyfmlsgc.cloudfront.net/EditedFiles/Studio 20_12-03-2024/Studio 20 12-03-2024-14-28-56-0333.jpeg,https://d277j9zyfmlsgc.cloudfront.net/EditedFiles/Studio 20_12-03-2024/Studio 20 12-03-2024-14-29-39-0334.jpeg,https://d277j9zyfmlsgc.cloudfront.net/EditedFiles/Studio 20_12-03-2024/Studio 20 12-03-2024-14-29-56-0335.jpeg,,,,,,,,Logo,,,,,Black,,,Cotton,Vest Top,Pullover,Regular,,Jersey,Round Neck,Sleeveless,18,,,,21,,,,,,,,,,,2024-03-12T14:30:39.2380121
AWZ120324005 ,NIKE Boys Zip Hoodie Sweater 12-13 Years Large Red Colourblock Polyester ,Nike,Good Used Condition:  the has been worn but is well maintained and may show minor signs of wear,Boys,Clothing,Hoodies,57916,,,,,1,12-13 Years,12-13 Years,"L, 12-13 y",,,,16.95,NO,,,Zip Hoodie Sweater,,Hooded,Full Zip,Pockets,,,https://d277j9zyfmlsgc.cloudfront.net/EditedFiles/Studio 20_12-03-2024/Studio 20 12-03-2024-14-31-54-0337.jpeg,https://d277j9zyfmlsgc.cloudfront.net/EditedFiles/Studio 20_12-03-2024/Studio 20 12-03-2024-14-33-06-0338.jpeg,https://d277j9zyfmlsgc.cloudfront.net/EditedFiles/Studio 20_12-03-2024/Studio 20 12-03-2024-14-33-29-0339.jpeg,,,,,,,,Logo,,,,,Red,,Colourblock,Polyester,Zip Hoodie Sweater,Zip,Regular,,Microfibre,High Neck,Long Sleeve,17,18,,,22,,,,,,,,,,,2024-03-12T14:34:32.3816749
AWZ120324006 ,CHAMPION Girls Graphic T-Shirt Top 13-14 Years Medium Pink Cotton ,Champion,Good Used Condition:  the has been worn but is well maintained and may show minor signs of wear,Girls,Clothing,"T-Shirts, Tops & Shirts",260965,,,,,1,13-14 Years,13-14 Years,M,,,,12.95,NO,,,Graphic T-Shirt Top,,Comfort,,,,,https://d277j9zyfmlsgc.cloudfront.net/EditedFiles/Studio 20_12-03-2024/Studio 20 12-03-2024-14-35-26-0341.jpeg,https://d277j9zyfmlsgc.cloudfront.net/EditedFiles/Studio 20_12-03-2024/Studio 20 12-03-2024-14-36-03-0342.jpeg,https://d277j9zyfmlsgc.cloudfront.net/EditedFiles/Studio 20_12-03-2024/Studio 20 12-03-2024-14-36-17-0343.jpeg,,,,,,,,Logo,,,,,Pink,,,Cotton,Graphic T-Shirt Top,Pullover,Regular,,Jersey,Round Neck,Short Sleeve,16,,,,23,,,,,,,,,,,2024-03-12T14:37:10.4676505
AWZ120324007 ,DIADORA Boys Polo Shirt 12-13 Years Large Blue Cotton ,Diadora,Good Used Condition:  the has been worn but is well maintained and may show minor signs of wear,Boys,Clothing,Polo Shirts,260966,,,,,1,12-13 Years,12-13 Years,L,,,,12.95,NO,,,Polo Shirt,,Collared,,,,,https://d277j9zyfmlsgc.cloudfront.net/EditedFiles/Studio 20_12-03-2024/Studio 20 12-03-2024-14-37-52-0345.jpeg,https://d277j9zyfmlsgc.cloudfront.net/EditedFiles/Studio 20_12-03-2024/Studio 20 12-03-2024-14-38-27-0346.jpeg,https://d277j9zyfmlsgc.cloudfront.net/EditedFiles/Studio 20_12-03-2024/Studio 20 12-03-2024-14-38-40-0347.jpeg,,,,,,,,Logo,,,,,Blue,,,Cotton,Polo Shirt,Pullover,Regular,,Jersey,Collared,Short Sleeve,17,,,,18,,,,,,,,,,,2024-03-12T14:39:20.5627605
AWZ120324008 ,ADIDAS Boys Tracksuit Top Jacket 11-12 Years Black Polyester ,Adidas,Good Used Condition:  the has been worn but is well maintained and may show minor signs of wear,Boys,Clothing,Activewear Jackets,260968,,,,,1,11-12 Years,11-12 Years,11-12 y,,,,16.95,NO,,,Tracksuit Top Jacket,,Full Zip,Pockets,Comfort,,,https://d277j9zyfmlsgc.cloudfront.net/EditedFiles/Studio 20_12-03-2024/Studio 20 12-03-2024-14-40-19-0349.jpeg,https://d277j9zyfmlsgc.cloudfront.net/EditedFiles/Studio 20_12-03-2024/Studio 20 12-03-2024-14-41-08-0350.jpeg,https://d277j9zyfmlsgc.cloudfront.net/EditedFiles/Studio 20_12-03-2024/Studio 20 12-03-2024-14-41-33-0351.jpeg,,,,,,,,Logo,,,,,Black,,,Polyester,Tracksuit Top Jacket,Zip,Regular,,Microfibre,High Neck,Long Sleeve,17,18,,,22,,,,,,,,,,,2024-03-12T14:42:22.2500988
AWZ120324009 ,ADIDAS Boys Graphic T-Shirt Top 7-8 Years Orange Cotton ,Adidas,Good Used Condition:  the has been worn but is well maintained and may show minor signs of wear,Boys,Clothing,"T-Shirts, Tops & Shirts",260966,,,,,1,7-8 Years,7-8 Years,UK 7-8 y,,,,12.95,NO,,,Graphic T-Shirt Top,,Comfort,,,,,https://d277j9zyfmlsgc.cloudfront.net/EditedFiles/Studio 20_12-03-2024/Studio 20 12-03-2024-14-43-15-0352.jpeg,https://d277j9zyfmlsgc.cloudfront.net/EditedFiles/Studio 20_12-03-2024/Studio 20 12-03-2024-14-43-50-0353.jpeg,https://d277j9zyfmlsgc.cloudfront.net/EditedFiles/Studio 20_12-03-2024/Studio 20 12-03-2024-14-44-12-0354.jpeg,,,,,,,,Logo,,,,,Orange,,,Cotton,Graphic T-Shirt Top,Pullover,Regular,,Jersey,Round Neck,Short Sleeve,13,,,,18,,,,,,,,,,,2024-03-12T14:44:47.0661052
AWZ120324010 ,ADIDAS Boys Graphic Tracksuit Top Jacket 13-14 Years Navy Blue ,Adidas,Good Used Condition:  the has been worn but is well maintained and may show minor signs of wear,Boys,Clothing,Activewear Jackets,260968,,,,,1,13-14 Years,13-14 Years,N/A,,,,16.95,NO,,Graphic,Tracksuit Top Jacket,,Full Zip,Pockets,Comfort,,,https://d277j9zyfmlsgc.cloudfront.net/EditedFiles/Studio 20_12-03-2024/Studio 20 12-03-2024-14-45-37-0356.jpeg,https://d277j9zyfmlsgc.cloudfront.net/EditedFiles/Studio 20_12-03-2024/Studio 20 12-03-2024-14-46-07-0357.jpeg,https://d277j9zyfmlsgc.cloudfront.net/EditedFiles/Studio 20_12-03-2024/Studio 20 12-03-2024-14-46-30-0358.jpeg,,,,,,,,Logo,,,,,Navy Blue,,,,Graphic Tracksuit Top Jacket,Zip,Regular,,Microfibre,High Neck,Long Sleeve,16,15,,,20,,,,,,,,,,,2024-03-12T14:47:18.9928875
AXB120324001 ,PUMA Boys Graphic T-Shirt Top 11-12 Years Navy Blue Cotton ,Puma,Good Used Condition:  the has been worn but is well maintained and may show minor signs of wear,Boys,Clothing,"T-Shirts, Tops & Shirts",260966,,,,,1,11-12 Years,11-12 Years,UK 11-12 y,Navy.,,,12.95,NO,,,Graphic T-Shirt Top,,Comfort,,,,,https://d277j9zyfmlsgc.cloudfront.net/EditedFiles/Studio 20_12-03-2024/Studio 20 12-03-2024-14-48-47-0360.jpeg,https://d277j9zyfmlsgc.cloudfront.net/EditedFiles/Studio 20_12-03-2024/Studio 20 12-03-2024-14-49-55-0361.jpeg,https://d277j9zyfmlsgc.cloudfront.net/EditedFiles/Studio 20_12-03-2024/Studio 20 12-03-2024-14-50-17-0362.jpeg,,,,,,,,Logo,,,,,Navy Blue,,,Cotton,Graphic T-Shirt Top,Pullover,Regular,Polyester,Jersey,Round Neck,Short Sleeve,15,,,,19,,,,,,,,,,,2024-03-12T14:51:06.6242578
AXB120324002 ,HARMONT & BLAINE Boys Graphic T-Shirt Top 9-10 Years Green Colourblock ,Harmont & Blaine,Good Used Condition:  the has been worn but is well maintained and may show minor signs of wear,Boys,Clothing,"T-Shirts, Tops & Shirts",260966,,,,,1,9-10 Years,9-10 Years,10 y,,,,16.95,NO,,,Graphic T-Shirt Top,,Comfort,,,,,https://d277j9zyfmlsgc.cloudfront.net/EditedFiles/Studio 20_12-03-2024/Studio 20 12-03-2024-14-58-06-0364.jpeg,https://d277j9zyfmlsgc.cloudfront.net/EditedFiles/Studio 20_12-03-2024/Studio 20 12-03-2024-14-59-01-0365.jpeg,https://d277j9zyfmlsgc.cloudfront.net/EditedFiles/Studio 20_12-03-2024/Studio 20 12-03-2024-14-59-19-0366.jpeg,,,,,,,,Logo,,,,,Green,,Colourblock,Cotton,Graphic T-Shirt Top,Pullover,Regular,,Jersey,Round Neck,Short Sleeve,15,,,,17,,,,,,,,,,,2024-03-12T15:00:11.1105172
AXB120324003 ,CHAMPION Boys Graphic Tracksuit Top Jacket 7-8 Years Small Red ,Champion,Good Used Condition:  the has been worn but is well maintained and may show minor signs of wear,Boys,Clothing,Activewear Jackets,260968,,,,,1,7-8 Years,7-8 Years,"S, 7/8 y",,,,16.95,NO,,Graphic,Tracksuit Top Jacket,,Full Zip,Pockets,Comfort,,,https://d277j9zyfmlsgc.cloudfront.net/EditedFiles/Studio 20_12-03-2024/Studio 20 12-03-2024-15-02-15-0368.jpeg,https://d277j9zyfmlsgc.cloudfront.net/EditedFiles/Studio 20_12-03-2024/Studio 20 12-03-2024-15-02-57-0369.jpeg,https://d277j9zyfmlsgc.cloudfront.net/EditedFiles/Studio 20_12-03-2024/Studio 20 12-03-2024-15-03-16-0370.jpeg,,,,,,,,Logo,,,,,Red,,,,Graphic Tracksuit Top Jacket,Zip,Regular,,Jersey,High Neck,Long Sleeve,15,13,,,19,,,,,,,,,,,2024-03-12T15:04:10.2696287
AXB120324004 ,GUESS Girls Graphic Short Sleeve Shift Dress 7-8 Years Green Cotton ,Guess,Good Used Condition:  the has been worn but is well maintained and may show minor signs of wear,Girls,Clothing,Dresses,51581,,,,,1,7-8 Years,7-8 Years,7/8,,,Belt missing.,26.95,NO,Graphic,Short Sleeve,Shift Dress,,Pockets,Comfort,,,,https://d277j9zyfmlsgc.cloudfront.net/EditedFiles/Studio 20_12-03-2024/Studio 20 12-03-2024-15-05-10-0372.jpeg,https://d277j9zyfmlsgc.cloudfront.net/EditedFiles/Studio 20_12-03-2024/Studio 20 12-03-2024-15-05-47-0373.jpeg,https://d277j9zyfmlsgc.cloudfront.net/EditedFiles/Studio 20_12-03-2024/Studio 20 12-03-2024-15-06-18-0374.jpeg,,,,,,,,Logo,,,,,Green,,,Cotton,Graphic Short Sleeve Shift Dress,Zip,Regular,,Woven,High Neck,Short Sleeve,14,,,,24,,,,,,,,,,,2024-03-12T15:07:16.8089214
AXB120324005 ,ADIDAS Boys Tracksuit Top Jacket 9-10 Years Blue Colourblock Polyester ,Adidas,Good Used Condition:  the has been worn but is well maintained and may show minor signs of wear,Boys,Clothing,Activewear Jackets,260968,,,,,1,9-10 Years,9-10 Years,UK 9-10 y,,,,16.95,NO,,,Tracksuit Top Jacket,,Full Zip,Pockets,Comfort,,,https://d277j9zyfmlsgc.cloudfront.net/EditedFiles/Studio 20_12-03-2024/Studio 20 12-03-2024-15-08-12-0376.jpeg,https://d277j9zyfmlsgc.cloudfront.net/EditedFiles/Studio 20_12-03-2024/Studio 20 12-03-2024-15-08-32-0377.jpeg,https://d277j9zyfmlsgc.cloudfront.net/EditedFiles/Studio 20_12-03-2024/Studio 20 12-03-2024-15-09-11-0378.jpeg,,,,,,,,Logo,,,,,Blue,,Colourblock,Polyester,Tracksuit Top Jacket,Zip,Regular,,Microfibre,High Neck,Long Sleeve,17,17,,,20,,,,,,,,,,,2024-03-12T15:09:54.2148357
AXB120324006 ,DC Boys Graphic Sweatshirt Jumper 7-8 Years Small Black Cotton ,DC,Good Used Condition:  the has been worn but is well maintained and may show minor signs of wear,Boys,Clothing,Hoodies,57916,,,,,1,7-8 Years,7-8 Years,S,,,,15.95,NO,,Graphic,Sweatshirt Jumper,,Comfort,,,,,https://d277j9zyfmlsgc.cloudfront.net/EditedFiles/Studio 20_12-03-2024/Studio 20 12-03-2024-15-10-50-0380.jpeg,https://d277j9zyfmlsgc.cloudfront.net/EditedFiles/Studio 20_12-03-2024/Studio 20 12-03-2024-15-11-21-0381.jpeg,https://d277j9zyfmlsgc.cloudfront.net/EditedFiles/Studio 20_12-03-2024/Studio 20 12-03-2024-15-11-35-0382.jpeg,,,,,,,,Logo,,,,,Black,,,Cotton,Graphic Sweatshirt Jumper,Pullover,Regular,Polyester,Jersey,Round Neck,Long Sleeve,17,16,,,19,,,,,,,,,,,2024-03-12T15:12:24.1355583
AXB120324007 ,HARMONT & BLAINE Boys Polo Shirt 9-10 Years Navy Blue Animal Print Cotton ,Harmont & Blaine,Good Used Condition:  the has been worn but is well maintained and may show minor signs of wear,Boys,Clothing,Polo Shirts,260966,,,,,1,9-10 Years,9-10 Years,10 y,Navy.,,,15.95,NO,,,Polo Shirt,,Collared,,,,,https://d277j9zyfmlsgc.cloudfront.net/EditedFiles/Studio 20_12-03-2024/Studio 20 12-03-2024-15-13-21-0384.jpeg,https://d277j9zyfmlsgc.cloudfront.net/EditedFiles/Studio 20_12-03-2024/Studio 20 12-03-2024-15-13-59-0385.jpeg,https://d277j9zyfmlsgc.cloudfront.net/EditedFiles/Studio 20_12-03-2024/Studio 20 12-03-2024-15-14-19-0386.jpeg,,,,,,,,Embroidered,Logo,,,,Navy Blue,,Animal Print,Cotton,Polo Shirt,Pullover,Regular,,Jersey,Collared,Short Sleeve,17,,,,19,,,,,,,,,,,2024-03-12T15:15:01.1622857
AXB120324008 ,J. CREW Womens Quilted Gilet UK 6 XS Grey Herringbone Polyester ,J. Crew,Good Used Condition:  the has been worn but is well maintained and may show minor signs of wear,Womens,Clothing,Coats & Jackets,63862,,,,,1,XS,XS,XS,,,,29.95,NO,,,Quilted Gilet,,Full Zip,Pockets,Comfort,,,https://d277j9zyfmlsgc.cloudfront.net/EditedFiles/Studio 20_12-03-2024/Studio 20 12-03-2024-15-16-41-0388.jpeg,https://d277j9zyfmlsgc.cloudfront.net/EditedFiles/Studio 20_12-03-2024/Studio 20 12-03-2024-15-17-17-0389.jpeg,https://d277j9zyfmlsgc.cloudfront.net/EditedFiles/Studio 20_12-03-2024/Studio 20 12-03-2024-15-17-33-0390.jpeg,,,,,,,,,,,,,Grey,,Herringbone,Polyester,Quilted Gilet,Zip,Regular,,Microfibre,High Neck,Sleeveless,18,,,,25,,,,,,,,,,,2024-03-12T15:18:18.7102449
AXB120324009 ,SUPERDRY Womens Classic Graphic T-Shirt Top UK 14 Large Grey Cotton ,Superdry,Good Used Condition:  the has been worn but is well maintained and may show minor signs of wear,Womens,Clothing,T-Shirts,53159,,,,,1,L,Large,L,,,,14.95,NO,,,Graphic T-Shirt Top,,Comfort,,,,,https://d277j9zyfmlsgc.cloudfront.net/EditedFiles/Studio 20_12-03-2024/Studio 20 12-03-2024-15-19-52-0392.jpeg,https://d277j9zyfmlsgc.cloudfront.net/EditedFiles/Studio 20_12-03-2024/Studio 20 12-03-2024-15-20-22-0393.jpeg,https://d277j9zyfmlsgc.cloudfront.net/EditedFiles/Studio 20_12-03-2024/Studio 20 12-03-2024-15-20-39-0394.jpeg,,,,,,,,Sequin,Logo,,,,Grey,Classic,,Cotton,Graphic T-Shirt Top,Pullover,Regular,Polyester,Jersey,Round Neck,Short Sleeve,18,,,,24,,,,,,,,,,,2024-03-12T15:21:18.869325
AXB120324010 ,CREW CLOTHING Womens Polo Shirt UK 14 Large Purple Cotton ,Crew Clothing,Good Used Condition:  the has been worn but is well maintained and may show minor signs of wear,Womens,Clothing,Tops & Blouses,53159,,,,,1,14,Size 14,14,,,,16.95,NO,,,Polo Shirt,,Collared,,,,,https://d277j9zyfmlsgc.cloudfront.net/EditedFiles/Studio 20_12-03-2024/Studio 20 12-03-2024-15-22-14-0396.jpeg,https://d277j9zyfmlsgc.cloudfront.net/EditedFiles/Studio 20_12-03-2024/Studio 20 12-03-2024-15-22-57-0397.jpeg,https://d277j9zyfmlsgc.cloudfront.net/EditedFiles/Studio 20_12-03-2024/Studio 20 12-03-2024-15-23-13-0398.jpeg,,,,,,,,Logo,,,,,Purple,,,Cotton,Polo Shirt,Pullover,Regular,,Jersey,Collared,Short Sleeve,20,,,,23,,,,,,,,,,,2024-03-12T15:23:56.5025023
AXB120324011 ,TOMMY HILFIGER Womens Graphic T-Shirt Top UK 12 Medium Red ,Tommy Hilfiger,Good Used Condition:  the has been worn but is well maintained and may show minor signs of wear,Womens,Clothing,T-Shirts,53159,,,,,1,M,Medium,M,,,,19.95,NO,,,Graphic T-Shirt Top,,Comfort,,,,,https://d277j9zyfmlsgc.cloudfront.net/EditedFiles/Studio 20_12-03-2024/Studio 20 12-03-2024-15-25-06-0400.jpeg,https://d277j9zyfmlsgc.cloudfront.net/EditedFiles/Studio 20_12-03-2024/Studio 20 12-03-2024-15-25-31-0401.jpeg,https://d277j9zyfmlsgc.cloudfront.net/EditedFiles/Studio 20_12-03-2024/Studio 20 12-03-2024-15-25-47-0402.jpeg,,,,,,,,Logo,,,,,Red,,,,Graphic T-Shirt Top,Pullover,Regular,,Jersey,Round Neck,Short Sleeve,16,,,,25,,,,,,,,,,,2024-03-12T15:26:28.8811311
AXB120324012 ,"LEVI'S Womens T-Shirt Top UK 14 Large Navy Blue ","Levi's",Good Used Condition:  the has been worn but is well maintained and may show minor signs of wear,Womens,Clothing,T-Shirts,53159,,,,,1,L,Large,L,,,,16.95,NO,,,T-Shirt Top,,Comfort,,,,,https://d277j9zyfmlsgc.cloudfront.net/EditedFiles/Studio 20_12-03-2024/Studio 20 12-03-2024-15-27-33-0404.jpeg,https://d277j9zyfmlsgc.cloudfront.net/EditedFiles/Studio 20_12-03-2024/Studio 20 12-03-2024-15-27-52-0405.jpeg,https://d277j9zyfmlsgc.cloudfront.net/EditedFiles/Studio 20_12-03-2024/Studio 20 12-03-2024-15-28-07-0406.jpeg,,,,,,,,Logo,,,,,Navy Blue,,,,T-Shirt Top,Pullover,Slim,,Jersey,Round Neck,Short Sleeve,17,,,,23,,,,,,,,,,,2024-03-12T15:28:46.9244002
AXB120324013 ,FAT FACE Mens Button Neck Jumper Sweater Large Grey Flecked Wool ,Fat Face,Good Used Condition:  the has been worn but is well maintained and may show minor signs of wear,Mens,Clothing,Jumpers & Cardigans,11484,,,,,1,L,Large,L,,,,24.95,NO,,,Button Neck Jumper Sweater,,Bodywarmer,Comfort,,,,https://d277j9zyfmlsgc.cloudfront.net/EditedFiles/Studio 20_12-03-2024/Studio 20 12-03-2024-15-29-57-0408.jpeg,https://d277j9zyfmlsgc.cloudfront.net/EditedFiles/Studio 20_12-03-2024/Studio 20 12-03-2024-15-31-31-0409.jpeg,https://d277j9zyfmlsgc.cloudfront.net/EditedFiles/Studio 20_12-03-2024/Studio 20 12-03-2024-15-32-13-0410.jpeg,,,,,,,,Logo,,,,,Grey,,Flecked,Wool,Button Neck Jumper Sweater,Pullover,Regular,Nylon,Knit,High Neck,Long Sleeve,21,18,,,25,,,,,,,,,,,2024-03-12T15:33:14.1476076
AXB120324014 ,VINTAGE Mens Turtle Neck Jumper Sweater Large Red ,Vintage,Good Used Condition:  the has been worn but is well maintained and may show minor signs of wear,Mens,Clothing,Jumpers & Cardigans,11484,,,,,1,L,Large,N/A,,,,22.95,NO,,,Turtle Neck Jumper Sweater,,Comfort,,,,,https://d277j9zyfmlsgc.cloudfront.net/EditedFiles/Studio 20_12-03-2024/Studio 20 12-03-2024-15-34-55-0412.jpeg,https://d277j9zyfmlsgc.cloudfront.net/EditedFiles/Studio 20_12-03-2024/Studio 20 12-03-2024-15-35-28-0413.jpeg,,,,,,,,,,,,,,Red,,,,Turtle Neck Jumper Sweater,Pullover,Regular,,Knit,Mock Neck,Long Sleeve,23,18,,,27,,,,,,,,,,,2024-03-12T15:36:29.8764441
AXB120324015 ,VINTAGE Mens Leather Jacket IT 48 Medium Black Leather ,Vintage,Good Used Condition:  the has been worn but is well maintained and may show minor signs of wear,Mens,Clothing,Coats & Jackets,57988,,,,,1,M,Medium,48,,,Mark on chest.,29.95,NO,,,Leather Jacket,,Full Zip,Pockets,Comfort,,,https://d277j9zyfmlsgc.cloudfront.net/EditedFiles/Studio 20_12-03-2024/Studio 20 12-03-2024-15-38-05-0415.jpeg,https://d277j9zyfmlsgc.cloudfront.net/EditedFiles/Studio 20_12-03-2024/Studio 20 12-03-2024-15-38-42-0416.jpeg,https://d277j9zyfmlsgc.cloudfront.net/EditedFiles/Studio 20_12-03-2024/Studio 20 12-03-2024-15-39-08-0417.jpeg,https://d277j9zyfmlsgc.cloudfront.net/EditedFiles/Studio 20_12-03-2024/Studio 20 12-03-2024-15-39-22-0418.jpeg,,,,,,,,,,,,Black,,,Leather,Leather Jacket,Zip,Regular,,Leather,Collared,Long Sleeve,23,19,38,,26,,,,,,,,,,,2024-03-12T15:40:19.720748
AXB120324016 ,J. CREW Mens Corduroy 2 Button Blazer Jacket UK 38 Medium Brown Cotton ,J. Crew,Good Used Condition:  the has been worn but is well maintained and may show minor signs of wear,Mens,Clothing,Coats & Jackets,57988,,,,,1,M,Medium,M,,,,32.95,NO,Corduroy,2 Button,Blazer Jacket,,Lined,Pockets,Collared,,,https://d277j9zyfmlsgc.cloudfront.net/EditedFiles/Studio 20_12-03-2024/Studio 20 12-03-2024-15-44-25-0420.jpeg,https://d277j9zyfmlsgc.cloudfront.net/EditedFiles/Studio 20_12-03-2024/Studio 20 12-03-2024-15-45-05-0421.jpeg,https://d277j9zyfmlsgc.cloudfront.net/EditedFiles/Studio 20_12-03-2024/Studio 20 12-03-2024-15-45-25-0422.jpeg,,,,,,,,,,,,,Brown,,,Cotton,Corduroy 2 Button Blazer Jacket,Button,Regular,,Corduroy,Collared,Long Sleeve,20,17,38,,29,,,,,,,,,,,2024-03-12T15:46:24.4366442
AXB120324017 ,WOOLRICH Mens Hooded Windbreaker Jacket UK 36 Small Khaki Wool ,Woolrich,Good Used Condition:  the has been worn but is well maintained and may show minor signs of wear,Mens,Clothing,Coats & Jackets,57988,,,,,1,S,Small,S,,,Bobbling material.Ink marks on left sleeve.,49.95,NO,,Hooded,Windbreaker Jacket,,Full Zip,Pockets,Comfort,,,https://d277j9zyfmlsgc.cloudfront.net/EditedFiles/Studio 20_12-03-2024/Studio 20 12-03-2024-15-47-59-0424.jpeg,https://d277j9zyfmlsgc.cloudfront.net/EditedFiles/Studio 20_12-03-2024/Studio 20 12-03-2024-15-48-50-0425.jpeg,https://d277j9zyfmlsgc.cloudfront.net/EditedFiles/Studio 20_12-03-2024/Studio 20 12-03-2024-15-49-17-0426.jpeg,,,,,,,,Fur Trim,Logo,,,,Khaki,,,Wool,Hooded Windbreaker Jacket,Zip,Regular,Nylon,Woven,High Neck,Long Sleeve,20,21,36,,24,,,,,,,,,,,2024-03-12T15:50:38.0006901
AXB120324018 ,WOOLRICH Mens Boat Neck Jumper Sweater Large Brown ,Woolrich,Good Used Condition:  the has been worn but is well maintained and may show minor signs of wear,Mens,Clothing,Jumpers & Cardigans,11484,,,,,1,L,Large,EUR L,,,,29.95,NO,,,Boat Neck Jumper Sweater,,Comfort,,,,,https://d277j9zyfmlsgc.cloudfront.net/EditedFiles/Studio 20_12-03-2024/Studio 20 12-03-2024-15-51-50-0428.jpeg,https://d277j9zyfmlsgc.cloudfront.net/EditedFiles/Studio 20_12-03-2024/Studio 20 12-03-2024-15-52-25-0429.jpeg,https://d277j9zyfmlsgc.cloudfront.net/EditedFiles/Studio 20_12-03-2024/Studio 20 12-03-2024-15-52-44-0430.jpeg,,,,,,,,Logo,,,,,Brown,,,,Boat Neck Jumper Sweater,Pullover,Regular,,Jersey,Round Neck,Long Sleeve,21,19,,,25,,,,,,,,,,,2024-03-12T15:53:30.5220968
AXB120324019 ,NAPAPIJRI Mens Crew Neck Jumper Sweater Large Grey Colourblock Cotton ,Napapijri,Good Used Condition:  the has been worn but is well maintained and may show minor signs of wear,Mens,Clothing,Jumpers & Cardigans,11484,,,,,1,L,Large,L,,,,32.95,NO,,,Crew Neck Jumper Sweater,,Comfort,,,,,https://d277j9zyfmlsgc.cloudfront.net/EditedFiles/Studio 20_12-03-2024/Studio 20 12-03-2024-15-54-36-0432.jpeg,https://d277j9zyfmlsgc.cloudfront.net/EditedFiles/Studio 20_12-03-2024/Studio 20 12-03-2024-15-55-09-0433.jpeg,https://d277j9zyfmlsgc.cloudfront.net/EditedFiles/Studio 20_12-03-2024/Studio 20 12-03-2024-15-55-29-0434.jpeg,https://d277j9zyfmlsgc.cloudfront.net/EditedFiles/Studio 20_12-03-2024/Studio 20 12-03-2024-15-55-39-0435.jpeg,,,,,,,Logo,,,,,Grey,,Colourblock,Cotton,Crew Neck Jumper Sweater,Pullover,Regular,,Jersey,Crew Neck,Long Sleeve,22,20,,,27,,,,,,,,,,,2024-03-12T15:56:29.0086019
AXB120324020 ,VINTAGE Mens Abstract Pattern Crew Neck Jumper Sweater XS Blue Colourblock ,Vintage,Good Used Condition:  the has been worn but is well maintained and may show minor signs of wear,Mens,Clothing,Jumpers & Cardigans,11484,,,,,1,XS,XS,N/A,,,,22.95,NO,,Abstract Pattern,Crew Neck Jumper Sweater,,Bodywarmer,Comfort,,,,https://d277j9zyfmlsgc.cloudfront.net/EditedFiles/Studio 20_12-03-2024/Studio 20 12-03-2024-15-57-23-0437.jpeg,https://d277j9zyfmlsgc.cloudfront.net/EditedFiles/Studio 20_12-03-2024/Studio 20 12-03-2024-15-58-02-0438.jpeg,,,,,,,,,,,,,,Blue,,Colourblock,Wool,Abstract Pattern Crew Neck Jumper Sweater,Pullover,Regular,Acrylic,Knit,Crew Neck,Long Sleeve,17,21,,,24,,,,,,,,,,,2024-03-12T15:58:59.296107
AUX120324001 ,VINTAGE Mens Crew Neck Jumper Sweater Small Black Wool ,Vintage,Good Used Condition:  the has been worn but is well maintained and may show minor signs of wear,Mens,Clothing,Jumpers & Cardigans,11484,,,,,1,S,Small,N/A,,,,22.95,NO,,,Crew Neck Jumper Sweater,,Bodywarmer,Comfort,,,,https://d277j9zyfmlsgc.cloudfront.net/EditedFiles/Studio 20_12-03-2024/Studio 20 12-03-2024-16-03-31-0440.jpeg,https://d277j9zyfmlsgc.cloudfront.net/EditedFiles/Studio 20_12-03-2024/Studio 20 12-03-2024-16-04-20-0441.jpeg,https://d277j9zyfmlsgc.cloudfront.net/EditedFiles/Studio 20_12-03-2024/Studio 20 12-03-2024-16-04-38-0442.jpeg,https://d277j9zyfmlsgc.cloudfront.net/EditedFiles/Studio 20_12-03-2024/Studio 20 12-03-2024-16-04-50-0443.jpeg,,,,,,,,,,,,Black,,,Wool,Crew Neck Jumper Sweater,Pullover,Regular,Acrylic,Knit,Crew Neck,Long Sleeve,18,18,,,23,,,,,,,,,,,2024-03-12T16:05:39.6425178
AUX120324002 ,NAPAPIJRI Mens Boat Neck Jumper Sweater XL Yellow Cotton ,Napapijri,Good Used Condition:  the has been worn but is well maintained and may show minor signs of wear,Mens,Clothing,Jumpers & Cardigans,11484,,,,,1,XL,XL,XL,,,Bobbling material.,32.95,NO,,,Boat Neck Jumper Sweater,,Comfort,,,,,https://d277j9zyfmlsgc.cloudfront.net/EditedFiles/Studio 20_12-03-2024/Studio 20 12-03-2024-16-07-04-0445.jpeg,https://d277j9zyfmlsgc.cloudfront.net/EditedFiles/Studio 20_12-03-2024/Studio 20 12-03-2024-16-08-01-0446.jpeg,https://d277j9zyfmlsgc.cloudfront.net/EditedFiles/Studio 20_12-03-2024/Studio 20 12-03-2024-16-08-19-0447.jpeg,,,,,,,,Logo,,,,,Yellow,,,Cotton,Boat Neck Jumper Sweater,Pullover,Regular,Nylon,Jersey,Round Neck,Long Sleeve,24,22,,,27,,,,,,,,,,,2024-03-12T16:09:30.4985224
AUX120324003 ,VINTAGE Mens Crew Neck Jumper Sweater Medium Beige Fair Isle Wool ,Vintage,Good Used Condition:  the has been worn but is well maintained and may show minor signs of wear,Mens,Clothing,Jumpers & Cardigans,11484,,,,,1,M,Medium,N/A,,,Marks on stomach.,22.95,NO,,,Crew Neck Jumper Sweater,,Bodywarmer,Comfort,,,,https://d277j9zyfmlsgc.cloudfront.net/EditedFiles/Studio 20_12-03-2024/Studio 20 12-03-2024-16-10-38-0449.jpeg,https://d277j9zyfmlsgc.cloudfront.net/EditedFiles/Studio 20_12-03-2024/Studio 20 12-03-2024-16-11-28-0450.jpeg,,,,,,,,,,,,,,Beige,,Fair Isle,Wool,Crew Neck Jumper Sweater,Pullover,Regular,Acrylic,Knit,Crew Neck,Long Sleeve,22,20,,,25,,,,,,,,,,,2024-03-12T16:12:26.5776824
AUX120324004 ,SUPERDRY Mens Graphic Hoodie Jumper 2XL Grey Cotton ,Superdry,Good Used Condition:  the has been worn but is well maintained and may show minor signs of wear,Mens,Clothing,Hoodies & Sweats,155183,,,,,1,2XL,2XL,2XL,,,,19.95,NO,,Graphic,Hoodie Jumper,,Hooded,Pockets,Comfort,,,https://d277j9zyfmlsgc.cloudfront.net/EditedFiles/Studio 20_12-03-2024/Studio 20 12-03-2024-16-13-54-0452.jpeg,https://d277j9zyfmlsgc.cloudfront.net/EditedFiles/Studio 20_12-03-2024/Studio 20 12-03-2024-16-14-38-0453.jpeg,https://d277j9zyfmlsgc.cloudfront.net/EditedFiles/Studio 20_12-03-2024/Studio 20 12-03-2024-16-15-04-0454.jpeg,,,,,,,,Logo,,,,,Grey,,,Cotton,Graphic Hoodie Jumper,Pullover,Slim,Polyester,Jersey,Round Neck,Long Sleeve,24,20,,,25,,,,,,,,,,,2024-03-12T16:16:10.7937319
AUX120324005 ,ADIDAS Mens Graphic Hoodie Jumper Medium Black Cotton ,Adidas,Good Used Condition:  the has been worn but is well maintained and may show minor signs of wear,Mens,Clothing,Hoodies & Sweats,155183,,,,,1,M,Medium,M,,,Fading colour.,24.95,NO,,Graphic,Hoodie Jumper,,Hooded,Pockets,Comfort,,,https://d277j9zyfmlsgc.cloudfront.net/EditedFiles/Studio 20_12-03-2024/Studio 20 12-03-2024-16-17-29-0456.jpeg,https://d277j9zyfmlsgc.cloudfront.net/EditedFiles/Studio 20_12-03-2024/Studio 20 12-03-2024-16-18-27-0457.jpeg,https://d277j9zyfmlsgc.cloudfront.net/EditedFiles/Studio 20_12-03-2024/Studio 20 12-03-2024-16-18-41-0458.jpeg,,,,,,,,Logo,,,,,Black,,,Cotton,Graphic Hoodie Jumper,Pullover,Regular,,Jersey,Round Neck,Long Sleeve,21,18,,,23,,,,,,,,,,,2024-03-12T16:19:29.6442196
AUX120324006 ,RALPH LAUREN Mens Zip Neck Sweatshirt Jumper 2XL Black Cotton ,Ralph Lauren,Good Used Condition:  the has been worn but is well maintained and may show minor signs of wear,Mens,Clothing,Hoodies & Sweats,155183,,,,,1,2XL,2XL,2XB,,,,34.95,NO,,Zip Neck,Sweatshirt Jumper,,Stretch,Comfort,,,,https://d277j9zyfmlsgc.cloudfront.net/EditedFiles/Studio 20_12-03-2024/Studio 20 12-03-2024-16-21-40-0460.jpeg,https://d277j9zyfmlsgc.cloudfront.net/EditedFiles/Studio 20_12-03-2024/Studio 20 12-03-2024-16-22-41-0461.jpeg,https://d277j9zyfmlsgc.cloudfront.net/EditedFiles/Studio 20_12-03-2024/Studio 20 12-03-2024-16-23-08-0462.jpeg,,,,,,,,Logo,,,,,Black,,,Cotton,Zip Neck Sweatshirt Jumper,Pullover,Regular,Elastane,Jersey,High Neck,Long Sleeve,28,20,,,30,,,,,,,,,,,2024-03-12T16:24:15.0830457
AUX120324007 ,NIKE Mens Zip Hoodie Sweater Small Navy Blue Cotton ,Nike,Good Used Condition:  the has been worn but is well maintained and may show minor signs of wear,Mens,Clothing,Hoodies & Sweats,155183,,,,,1,S,Small,S,,,,24.95,NO,,,Zip Hoodie Sweater,,Hooded,Full Zip,Pockets,,,https://d277j9zyfmlsgc.cloudfront.net/EditedFiles/Studio 20_12-03-2024/Studio 20 12-03-2024-16-26-01-0464.jpeg,https://d277j9zyfmlsgc.cloudfront.net/EditedFiles/Studio 20_12-03-2024/Studio 20 12-03-2024-16-27-16-0465.jpeg,https://d277j9zyfmlsgc.cloudfront.net/EditedFiles/Studio 20_12-03-2024/Studio 20 12-03-2024-16-27-36-0466.jpeg,,,,,,,,Logo,,,,,Navy Blue,,,Cotton,Zip Hoodie Sweater,Zip,Regular,Polyester,Jersey,High Neck,Long Sleeve,20,19,,,23,,,,,,,,,,,2024-03-12T16:28:22.849823
AUX120324008 ,ADIDAS Mens Zip Hoodie Sweater Large Black Pinstripe Polyester ,Adidas,Good Used Condition:  the has been worn but is well maintained and may show minor signs of wear,Mens,Clothing,Hoodies & Sweats,155183,,,,,1,L,Large,L,,,,24.95,NO,,,Zip Hoodie Sweater,,Hooded,Full Zip,Zipped Pockets,,,https://d277j9zyfmlsgc.cloudfront.net/EditedFiles/Studio 20_12-03-2024/Studio 20 12-03-2024-16-29-42-0468.jpeg,https://d277j9zyfmlsgc.cloudfront.net/EditedFiles/Studio 20_12-03-2024/Studio 20 12-03-2024-16-31-09-0469.jpeg,https://d277j9zyfmlsgc.cloudfront.net/EditedFiles/Studio 20_12-03-2024/Studio 20 12-03-2024-16-31-22-0470.jpeg,,,,,,,,Logo,,,,,Black,,Pinstripe,Polyester,Zip Hoodie Sweater,Zip,Regular,Nylon,Microfibre,High Neck,Long Sleeve,22,20,,,27,,,,,,,,,,,2024-03-12T16:32:10.2172544
AUX120324009 ,POLO RALPH LAUREN Mens Hoodie Jumper Large Black Cotton ,Polo Ralph Lauren,Good Used Condition:  the has been worn but is well maintained and may show minor signs of wear,Mens,Clothing,Hoodies & Sweats,155183,,,,,1,L,Large,L,,,Fading colour.,34.95,NO,,,Hoodie Jumper,,Hooded,Pockets,Comfort,,,https://d277j9zyfmlsgc.cloudfront.net/EditedFiles/Studio 20_12-03-2024/Studio 20 12-03-2024-16-33-47-0472.jpeg,https://d277j9zyfmlsgc.cloudfront.net/EditedFiles/Studio 20_12-03-2024/Studio 20 12-03-2024-16-34-27-0473.jpeg,https://d277j9zyfmlsgc.cloudfront.net/EditedFiles/Studio 20_12-03-2024/Studio 20 12-03-2024-16-34-56-0474.jpeg,,,,,,,,Logo,,,,,Black,,,Cotton,Hoodie Jumper,Pullover,Regular,Polyester,Jersey,Round Neck,Long Sleeve,23,19,,,23,,,,,,,,,,,2024-03-12T16:36:09.524619
AUX120324010 ,NIKE Mens Zip Hoodie Sweater Large Grey Cotton ,Nike,Good Used Condition:  the has been worn but is well maintained and may show minor signs of wear,Mens,Clothing,Hoodies & Sweats,155183,,,,,1,L,Large,L,,,,24.95,NO,,,Zip Hoodie Sweater,,Hooded,Full Zip,Pockets,,,https://d277j9zyfmlsgc.cloudfront.net/EditedFiles/Studio 20_12-03-2024/Studio 20 12-03-2024-16-39-51-0476.jpeg,https://d277j9zyfmlsgc.cloudfront.net/EditedFiles/Studio 20_12-03-2024/Studio 20 12-03-2024-16-40-39-0477.jpeg,https://d277j9zyfmlsgc.cloudfront.net/EditedFiles/Studio 20_12-03-2024/Studio 20 12-03-2024-16-41-54-0478.jpeg,,,,,,,,Logo,,,,,Grey,,,Cotton,Zip Hoodie Sweater,Zip,Regular,Polyester,Jersey,High Neck,Long Sleeve,22,21,,,26,,,,,,,,,,,2024-03-12T16:42:46.1587865
AUX120324011 ,COLUMBIA Mens Rain Jacket UK 36 Small Black Polyester ,Columbia,Good Used Condition:  the has been worn but is well maintained and may show minor signs of wear,Mens,Clothing,Coats & Jackets,57988,,,,,1,S,Small,S,,,,29.95,NO,,,Rain Jacket,,Full Zip,Windproof,Pockets,Comfort,,https://d277j9zyfmlsgc.cloudfront.net/EditedFiles/Studio 20_12-03-2024/Studio 20 12-03-2024-16-44-04-0480.jpeg,https://d277j9zyfmlsgc.cloudfront.net/EditedFiles/Studio 20_12-03-2024/Studio 20 12-03-2024-16-44-42-0481.jpeg,https://d277j9zyfmlsgc.cloudfront.net/EditedFiles/Studio 20_12-03-2024/Studio 20 12-03-2024-16-48-12-0482.jpeg,,,,,,,,Logo,,,,,Black,,,Polyester,Rain Jacket,Zip,Regular,,Microfibre,High Neck,Long Sleeve,20,22,36,,26,,,,,,,,,,,2024-03-12T16:46:05.3549048
AUX120324012 ,DC Mens Straight Chino Trousers W32 L32  Black Cotton ,DC,Good Used Condition:  the has been worn but is well maintained and may show minor signs of wear,Mens,Clothing,Trousers,57989,,,,,1,32,Size 32,32,"T, Z",,,17.95,NO,,Straight,Chino Trousers,,Pockets,,,,,https://d277j9zyfmlsgc.cloudfront.net/EditedFiles/Studio 20_12-03-2024/Studio 20 12-03-2024-16-49-28-0484.jpeg,https://d277j9zyfmlsgc.cloudfront.net/EditedFiles/Studio 20_12-03-2024/Studio 20 12-03-2024-16-50-00-0485.jpeg,https://d277j9zyfmlsgc.cloudfront.net/EditedFiles/Studio 20_12-03-2024/Studio 20 12-03-2024-16-50-25-0486.jpeg,,,,,,,,Logo,,,,,Black,,,Cotton,Straight Chino Trousers,Zip,Regular,Polyester,Woven,,,,,,,,,,,32,11,,,,32,,2024-03-12T16:51:14.6462157
AUX120324013 ,ADIDAS Mens Sport Shorts 2XS Blue Polyester ,Adidas,Good Used Condition:  the has been worn but is well maintained and may show minor signs of wear,Mens,Clothing,Activewear Shorts,260957,,,,,1,2XS,2XS,2XS,,,Light mark on back.,16.95,NO,,,Sport Shorts,,Adjustable Waist,,,,,https://d277j9zyfmlsgc.cloudfront.net/EditedFiles/Studio 20_12-03-2024/Studio 20 12-03-2024-16-51-57-0488.jpeg,https://d277j9zyfmlsgc.cloudfront.net/EditedFiles/Studio 20_12-03-2024/Studio 20 12-03-2024-16-52-50-0489.jpeg,https://d277j9zyfmlsgc.cloudfront.net/EditedFiles/Studio 20_12-03-2024/Studio 20 12-03-2024-16-53-03-0490.jpeg,,,,,,,,Logo,,,,,Blue,,,Polyester,Sport Shorts,Drawstring,Regular,,Microfibre,,,,,,,,,,,3,9,,,,24,,2024-03-12T16:53:46.0478218
AUX120324014 ,VANS Boys Swimming Shorts 11-12 Years Blue Check Polyester ,Vans,Good Used Condition:  the has been worn but is well maintained and may show minor signs of wear,Boys,Clothing,Swimwear,51919,,,,,1,11-12 Years,11-12 Years,26/12,,,,12.95,NO,,,Swimming Shorts,,Adjustable,Pockets,,,,https://d277j9zyfmlsgc.cloudfront.net/EditedFiles/Studio 20_12-03-2024/Studio 20 12-03-2024-16-54-37-0492.jpeg,https://d277j9zyfmlsgc.cloudfront.net/EditedFiles/Studio 20_12-03-2024/Studio 20 12-03-2024-16-55-47-0493.jpeg,https://d277j9zyfmlsgc.cloudfront.net/EditedFiles/Studio 20_12-03-2024/Studio 20 12-03-2024-16-55-59-0494.jpeg,,,,,,,,Logo,,,,,Blue,,Check,Polyester,Swimming Shorts,Hook & Loop,Regular,,Microfibre,,,,,,,,,,,9,9,,,,26,,2024-03-12T16:56:51.7884572
AUX120324015 ,ADIDAS Boys Sport Shorts 5-6 Years Red Polyester ,Adidas,Good Used Condition:  the has been worn but is well maintained and may show minor signs of wear,Boys,Clothing,Activewear Shorts,260970,,,,,1,5-6 Years,5-6 Years,N/A,,,,14.95,NO,,,Sport Shorts,,Elastic Waist,,,,,https://d277j9zyfmlsgc.cloudfront.net/EditedFiles/Studio 20_12-03-2024/Studio 20 12-03-2024-16-57-53-0496.jpeg,https://d277j9zyfmlsgc.cloudfront.net/EditedFiles/Studio 20_12-03-2024/Studio 20 12-03-2024-16-58-23-0497.jpeg,https://d277j9zyfmlsgc.cloudfront.net/EditedFiles/Studio 20_12-03-2024/Studio 20 12-03-2024-16-58-43-0498.jpeg,,,,,,,,Logo,,,,,Red,,,Polyester,Sport Shorts,Pull On,Regular,,Microfibre,,,,,,,,,,,5,8,,,,22,,2024-03-12T16:59:23.6518221