gender,category,ebayCategory,itemName
Womens,Clothing,Jeans,High Waist Jeans
Womens,Clothing,Tops & Blouses,Tunic Top
Womens,Clothing,Trousers,Faux Leather Trousers
Womens,Clothing,Coats & Jackets,Waxed Cotton Jacket
Womens,Clothing,Jumpers & Cardigans,Crew Neck Jumper Sweater
Womens,Clothing,Tops & Blouses,Top
Womens,Clothing,Skirts,Tulip Skirt
Womens,Clothing,Activewear Tops,Pullover Tracksuit Top
Womens,Clothing,Coats & Jackets,Gilet
Womens,Clothing,Dresses,Shirt Dress
Womens,Clothing,Tops & Blouses,Cami Top
Womens,Clothing,Coats & Jackets,Capelet Coat
Womens,Clothing,Coats & Jackets,Bolero Jacket
Womens,Clothing,Activewear Skirts & Skorts,Tennis Skirt
Womens,Clothing,Dresses,Hoodie Dresses
Womens,Clothing,Jumpers & Cardigans,Shawl Neck Jumper Sweater
Womens,Clothing,Suits & Tailoring,2 Piece Suit
Womens,Clothing,Coats & Jackets,MA-1 Flight Jacket
Womens,Clothing,Dresses,Pinafore Dress
Womens,Clothing,Dresses,Jumper Dress
Womens,Clothing,Coats & Jackets,Double Breasted Coat
Womens,Clothing,Tops & Blouses,Crop Top
Womens,Clothing,Activewear Tops,Tracksuit Top
Womens,Clothing,Coats & Jackets,Windbreaker Coat
Womens,Clothing,Shorts,Hot Pants
Womens,Clothing,Dresses,Drop Waist Dress
Womens,Clothing,Skirts,Sarong Skirt
Womens,Clothing,Jeans,Straight Jeans
Womens,Clothing,Skirts,Corduroy Skirt
Womens,Clothing,Skirts,Gypsy Skirt
Womens,Clothing,Trousers,Casual Trousers
Womens,Clothing,Jumpsuits & Playsuits,Jumpsuit
Womens,Clothing,Dresses,Sundress
Womens,Clothing,Dresses,Tennis Dress
Womens,Clothing,Jumpers & Cardigans,Vest Tank Top
Womens,Clothing,Activewear Tops,Graphic Top Long Sleeve
Womens,Clothing,Shirts,Formal Shirt
Womens,Clothing,Coats & Jackets,Kimono Jacket
Womens,Clothing,Coats & Jackets,Denim Jacket
Womens,Clothing,Skirts,Knife Pleated Skirt
Womens,Clothing,Tops & Blouses,Polo Shirt
Womens,Clothing,Coats & Jackets,Fleece Gilet
Womens,Clothing,Skirts,Trumpet Skirt
Womens,Clothing,Tops & Blouses,Graphic Top Long Sleeve
Womens,Clothing,Tops & Blouses,Top Long Sleeve
Womens,Clothing,Coats & Jackets,Parka Jacket
Womens,Clothing,Coats & Jackets,Suede Jacket
Womens,Clothing,Coats & Jackets,Reversible Jacket
Womens,Clothing,Shorts,Shorts
Womens,Clothing,Dresses,Mermaid Dress
Womens,Clothing,Trousers,Riding Trousers
Womens,Clothing,Swimwear,Swimming Shorts
Womens,Clothing,Tops & Blouses,Off Shoulder Top
Womens,Clothing,Tops & Blouses,See Through Top
Womens,Clothing,Jeans,Tapered Jeans
Womens,Clothing,Leggings,Leather Leggings
Womens,Clothing,Coats & Jackets,Leather Coat
Womens,Clothing,Jumpers & Cardigans,Sweater
Womens,Clothing,Dresses,Halter Dress
Womens,Clothing,Dresses,Pencil Dress
Womens,Clothing,Dresses,Princess Dress
Womens,Clothing,Jumpers & Cardigans,Turtle Neck Jumper Sweater
Womens,Clothing,Jeans,Low Waist Jeans
Womens,Clothing,Activewear Tops,Graphic Vest Top
Womens,Clothing,Coats & Jackets,Duffle Coat
Womens,Clothing,Dresses,Charleston Dress
Womens,Clothing,Dresses,Tea Dress
Womens,Clothing,Jumpers & Cardigans,Zip Neck Jumper Sweater
Womens,Clothing,Trousers,Waterproof Trousers
Womens,Clothing,Skirts,A-Line Skirt
Womens,Clothing,Dresses,Bodycon Dress
Womens,Clothing,Jeans,Jegging Jeans
Womens,Clothing,Jumpers & Cardigans,Cardigan Sweater
Womens,Clothing,Jumpers & Cardigans,Roll Neck Jumper Sweater
Womens,Clothing,Dresses,Asymmetrical Dress
Womens,Clothing,Coats & Jackets,Jacket
Womens,Clothing,Hoodies & Sweats,Sweatshirt Jumper
Womens,Clothing,Tops & Blouses,Bolero Top
Womens,Clothing,Jeans,Loose Jeans
Womens,Clothing,Dresses,Pouf Dress
Womens,Clothing,Activewear Tops,Polo shirt
Womens,Clothing,Activewear Skirts & Skorts,Golf Skirt
Womens,Clothing,Coats & Jackets,Padded Gilet
Womens,Clothing,Jeans,Flared Jeans
Womens,Clothing,Tops & Blouses,Graphic Top Long Sleeve
Womens,Clothing,Coats & Jackets,Windbreaker Jacket
Womens,Clothing,Coats & Jackets,Fur Coat
Womens,Clothing,Tops & Blouses,Shirt Blouse
Womens,Clothing,Skirts,Circle Skirt
Womens,Clothing,Coats & Jackets,Raincoat
Womens,Clothing,Coats & Jackets,Cape Coat
Womens,Clothing,Dresses,One Shoulder Dress
Womens,Clothing,Coats & Jackets,Quilted Jacket
Womens,Clothing,Dresses,Apron Dress
Womens,Clothing,Coats & Jackets,Duffle Jacket
Womens,Clothing,Coats & Jackets,Poncho Coat
Womens,Clothing,Coats & Jackets,Shearling Jacket
Womens,Clothing,Jumpers & Cardigans,Boat Neck Jumper Sweater
Womens,Clothing,Coats & Jackets,Blazer Jacket
Womens,Clothing,Dresses,Dungaree Dress
Womens,Clothing,Jumpsuits & Playsuits,Playsuit
Womens,Clothing,Suits & Tailoring,2 Piece Set
Womens,Clothing,Jumpers & Cardigans,Polo Neck Jumper Sweater
Womens,Clothing,Skirts,Denim Skirt
Womens,Clothing,Coats & Jackets,Denim Gilet
Womens,Clothing,Coats & Jackets,Corduroy Coat
Womens,Clothing,Tracksuits,Full Tracksuit
Womens,Clothing,Tops & Blouses,Graphic Vest Top
Womens,Clothing,Coats & Jackets,Leather Gilet
Womens,Clothing,Skirts,Tennis Skirt
Womens,Clothing,Swimwear,Bikini
Womens,Clothing,Coats & Jackets,Denim Coat
Womens,Clothing,Waistcoats,Waistcoat
Womens,Clothing,Skirts,Flared Skirt
Womens,Clothing,Trousers,Suit Trousers
Womens,Clothing,Coats & Jackets,Corduroy Gilet
Womens,Clothing,Dresses,Kaftan Dress
Womens,Clothing,Coats & Jackets,Utility Gilet
Womens,Clothing,Dresses,Slip Dress
Womens,Clothing,Dresses,Strapless Dress
Womens,Clothing,Coats & Jackets,Sherpa Jacket
Womens,Clothing,Skirts,Leather Skirt
Womens,Clothing,Tops & Blouses,One Shoulder Top
Womens,Clothing,Shirts,Ruffle Front Shirt
Womens,Clothing,Coats & Jackets,Trench Coat
Womens,Clothing,Coats & Jackets,Shearling Coat
Womens,Clothing,Jumpers & Cardigans,Jumper
Womens,Clothing,Shirts,Shirt
Womens,Clothing,Skirts,Wrap Skirt
Womens,Clothing,Jeans,Capri Jeans
Womens,Clothing,Dresses,Qi-Pao Dress
Womens,Clothing,Activewear Jackets,Tracksuit Top Jacket
Womens,Clothing,Dresses,A-Line Dress
Womens,Clothing,Activewear Tops,Top 3/4 Sleeve
Womens,Clothing,Shorts,Cargo Shorts
Womens,Clothing,Activewear Skirts & Skorts,Skort
Womens,Clothing,Coats & Jackets,Leather Jacket
Womens,Clothing,Coats & Jackets,Chesterfield Coat
Womens,Clothing,Dresses,Tiered Dress
Womens,Clothing,Trousers,Harem Trousers
Womens,Clothing,Trousers,Chino Trousers
Womens,Clothing,Skirts,Bubble Skirt
Womens,Clothing,Jumpers & Cardigans,Jumper Sweater
Womens,Clothing,Coats & Jackets,Bomber Jacket
Womens,Clothing,T-Shirts,T-Shirt Top
Womens,Clothing,Coats & Jackets,Utility Jacket
Womens,Clothing,Dresses,Hoodie Dress
Womens,Clothing,Jumpers & Cardigans,Button Neck Jumper Sweater
Womens,Clothing,Activewear Shorts,Sport Shorts
Womens,Clothing,Activewear Tops,Graphic Top 3/4 Sleeve
Womens,Clothing,Trousers,Windbreaker Trousers
Womens,Clothing,Dresses,Tent Dress
Womens,Clothing,Activewear Tops,Vest Top
Womens,Clothing,Activewear Tops,Graphic T-Shirt Top
Womens,Clothing,Shorts,Chino Shorts
Womens,Clothing,Shirts,Tuxedo Shirt
Womens,Clothing,Skirts,Tiered Skirt
Womens,Clothing,Coats & Jackets,Padded Coat
Womens,Clothing,Jumpsuits & Playsuits,Bodysuit
Womens,Clothing,Coats & Jackets,Rain Jacket
Womens,Clothing,Dresses,Sheath Dress
Womens,Clothing,Activewear Bottoms,Tracksuit Trousers
Womens,Clothing,Activewear Bottoms,Tracksuit Trousers Joggers
Womens,Clothing,Coats & Jackets,Padded Jacket
Womens,Clothing,Shorts,Bermuda Shorts
Womens,Clothing,Activewear Bottoms,Leggings
Womens,Clothing,Coats & Jackets,Anorak Jacket
Womens,Clothing,Skirts,Peplum Skirt
Womens,Clothing,Shirts,Wrap Shirt
Womens,Clothing,Activewear Jackets,Ski Jacket
Womens,Clothing,Coats & Jackets,Racer Jacket
Womens,Clothing,Trousers,Cropped Trousers
Womens,Clothing,Coats & Jackets,Princess Coat
Womens,Clothing,Skirts,Skirt
Womens,Clothing,Coats & Jackets,Waterproof Jacket
Womens,Clothing,Dresses,Tutu Dress
Womens,Clothing,Tops & Blouses,Top 3/4 Sleeve
Womens,Clothing,Dresses,Polo Dress
Womens,Clothing,Activewear Tops,Jersey Top
Womens,Clothing,Activewear Bottoms,Ski Trousers
Womens,Clothing,Tops & Blouses,Blouse Top
Womens,Clothing,Jeans,Bootcut Jeans
Womens,Clothing,Dresses,Shift Dress
Womens,Clothing,Dresses,Peplum Dress
Womens,Clothing,Skirts,Tutu Skirt
Womens,Clothing,Skirts,Ruffle Skirt
Womens,Clothing,Activewear Bottoms,Waterproof Trousers
Womens,Clothing,Jeans,Jeans
Womens,Clothing,Trousers,Capri Trousers
Womens,Clothing,Activewear Bottoms,Windbreaker Trousers
Womens,Clothing,Jumpers & Cardigans,Poncho Jumper
Womens,Clothing,Tops & Blouses,Vest Top
Womens,Clothing,Coats & Jackets,Corduroy Jacket
Womens,Clothing,Dresses,T-Shirt Dress
Womens,Clothing,Skirts,Straight Skirt
Womens,Clothing,Tops & Blouses,Halter Top
Womens,Clothing,Dresses,Off Shoulder Dress
Womens,Clothing,Shorts,Denim Shorts
Womens,Clothing,Skirts,Pencil Skirt
Womens,Clothing,Tops & Blouses,Strapless Top
Womens,Clothing,Activewear Tops,Top
Womens,Clothing,Trousers,Corduroy Trousers
Womens,Clothing,Jeans,Drop Crotch Jeans
Womens,Clothing,Hoodies & Sweats,Zip Hoodie Sweater
Womens,Clothing,Swimwear,Swimwear
Womens,Clothing,Dresses,Corset Dress
Womens,Clothing,Jumpers & Cardigans,Bolero Jumper
Womens,Clothing,Skirts,Cargo Skirt
Womens,Clothing,Skirts,Mermaid Skirt
Womens,Clothing,Coats & Jackets,Quilted Gilet
Womens,Clothing,Trousers,Trousers
Womens,Clothing,Coats & Jackets,Pea Coat
Womens,Clothing,Activewear Tops,Top Long Sleeve
Womens,Clothing,Skirts,Maxi Skirt
Womens,Clothing,Hoodies & Sweats,Hoodie Jumper
Womens,Clothing,Shirts,Flannel Shirt
Womens,Clothing,Coats & Jackets,Reversible Gilet
Womens,Clothing,Dresses,Bubble Dress
Womens,Clothing,Tops & Blouses,Corset Top
Womens,Clothing,Skirts,Circular Skirt
Womens,Clothing,Coats & Jackets,Fur Jacket
Womens,Clothing,Activewear Tops,T-Shirt Top
Womens,Clothing,Skirts,Asymmetrical Skirt
Womens,Clothing,Dresses,Basic Dress
Womens,Clothing,Dresses,Denim Dress
Womens,Clothing,Shirts,Pullover Shirt
Womens,Clothing,Coats & Jackets,Fleece Jacket
Womens,Clothing,Leggings,Leggings
Womens,Clothing,Suits & Tailoring,Set
Womens,Clothing,Jumpers & Cardigans,Fleece Jumper
Womens,Clothing,Coats & Jackets,Biker Jacket
Womens,Clothing,Dresses,Maxi Dress
Womens,Clothing,Trousers,Cargo Trousers
Womens,Clothing,Activewear Skirts & Skorts,Skirt
Womens,Clothing,Trousers,Dungarees Trousers
Womens,Clothing,Jeans,Cropped Jeans
Womens,Clothing,Dresses,Wrap Dress
Womens,Clothing,T-Shirts,Graphic T-Shirt Top
Womens,Clothing,Dresses,Dress
Womens,Clothing,Jumpers & Cardigans,V-Neck Jumper Sweater
Womens,Clothing,Coats & Jackets,Military Jacket
Womens,Clothing,Coats & Jackets,Harrington Jacket
Womens,Clothing,Activewear Tops,Top Long Sleeve
Womens,Clothing,Coats & Jackets,Overcoat
Womens,Clothing,Dresses,Tunic Dress
Womens,Clothing,Dresses,Swing Dress
Womens,Clothing,Coats & Jackets,Varsity Jacket
Womens,Clothing,Coats & Jackets,Coat
Womens,Clothing,Skirts,Midi Skirt
Womens,Clothing,Shirts,Denim Shirt
Womens,Clothing,Coats & Jackets,Flight Aviator Jacket
Womens,Clothing,Tops & Blouses,Rugby Polo Shirt
Womens,Clothing,Skirts,Pleated Skirt
Womens,Clothing,Tracksuits,Ski Jumpsuit
Womens,Clothing,Dresses,Empire Dress
Womens,Clothing,Activewear Bottoms,Trousers
Womens,Clothing,Shorts,Corduroy Shorts
Womens,Clothing,Jeans,Skinny Jeans
Womens,Clothing,Jeans,Denim Shorts
Womens,Clothing,Tops & Blouses,Graphic Top 3/4 Sleeve
Womens,Clothing,Tops & Blouses,Cardigan Top
Womens,Clothing,Suits & Tailoring,2 Piece Skirt Set
Womens,Clothing,Shorts,Casual Shorts
Womens,Clothing,Skirts,Mini Skirt
Womens,Clothing,Jeans,Slim Jeans
Womens,Clothing,Jeans,Wide Leg Jeans
Womens,Shoes,Flats,Shoes
Womens,Shoes,Heels,Slingback Heels
Womens,Shoes,Boots,Shearling Style Boots
Womens,Shoes,Heels,Heels
Womens,Shoes,Heels,Mary Jane Hells
Womens,Shoes,Heels,Slingback Wedges
Womens,Shoes,Heels,Stiletto Heels
Womens,Shoes,Sandals & Beach Shoes,Sliders Sandals
Womens,Shoes,Flats,Mule Shoes
Womens,Shoes,Boots,Wellies Boots
Womens,Shoes,Heels,Mule Heels
Womens,Shoes,Flats,Slip On Shoes
Womens,Shoes,Flats,Espadrille Shoes
Womens,Shoes,Boots,Cowboy Boots
Womens,Shoes,Boots,Brogue Boots
Womens,Shoes,Sandals & Beach Shoes,Flip Flop Sandals
Womens,Shoes,Heels,Pump Heels
Womens,Shoes,Sandals & Beach Shoes,Gladiator Sandals
Womens,Shoes,Boots,Wedge Boots
Womens,Shoes,Sandals & Beach Shoes,Sandals
Womens,Shoes,Flats,Moccasin Shoes
Womens,Shoes,Boots,Snow Boots
Womens,Shoes,Boots,Ankle Boots
Womens,Shoes,Flats,Ballet Flat
Womens,Shoes,Boots,Combat Boots
Womens,Shoes,Trainers,Trainers
Womens,Shoes,Heels,Dâ€™Orsay Heels
Womens,Shoes,Heels,T-Strap Heels
Womens,Shoes,Heels,Strappy Heels
Womens,Shoes,Heels,Wedges
Womens,Shoes,Heels,Platform Pump Heels
Womens,Shoes,Boots,Oxford Boots
Womens,Shoes,Heels,Clog Heels
Womens,Shoes,Boots,Boots
Womens,Shoes,Boots,Desert Boots
Womens,Shoes,Boots,Knee High Boots
Womens,Shoes,Sandals & Beach Shoes,Thong Sandals
Womens,Shoes,Boots,Chelsea Boots
Womens,Shoes,Trainers,High-Hop Trainers
Womens,Shoes,Boots,Biker Boots
Womens,Bags & Accessories,Sunglasses,Shield Sunglasses
Womens,Bags & Accessories,Hats,Beret Hat
Womens,Bags & Accessories,Hats,Docker Hat
Womens,Bags & Accessories,Purses & Wallets,Wallet
Womens,Bags & Accessories,Handbags,Flap Bag
Womens,Bags & Accessories,Belts,Dress Belt
Womens,Bags & Accessories,Hats,Newsboy Cap
Womens,Bags & Accessories,Hats,Pillbox Hat
Womens,Bags & Accessories,Umbrellas,Golf Umbrella
Womens,Bags & Accessories,Scarves & Shawls,Snood Scarf
Womens,Bags & Accessories,Belts,Studded Belt
Womens,Bags & Accessories,Scarves & Shawls,Pashmina Shawl
Womens,Bags & Accessories,Handbags,Crossbody bag
Womens,Bags & Accessories,Sunglasses,Oval Sunglasses
Womens,Bags & Accessories,Belts,Waist Belt
Womens,Bags & Accessories,Scarves & Shawls,Poncho Shawl
Womens,Bags & Accessories,Handbags,Duffle Bag
Womens,Bags & Accessories,Hats,Boater Hat
Womens,Bags & Accessories,Handbags,Backpack
Womens,Bags & Accessories,Belts,Sash Belt
Womens,Bags & Accessories,Handbags,Baguette Bag
Womens,Bags & Accessories,Scarves & Shawls,Bandana Scarf
Womens,Bags & Accessories,Purses & Wallets,Clutch Purse
Womens,Bags & Accessories,Scarves & Shawls,Scarf
Womens,Bags & Accessories,Clear Glasses,Oval Glasses
Womens,Bags & Accessories,Hats,Bowler Hat
Womens,Bags & Accessories,Sunglasses,Clubmaster Sunglasses
Womens,Bags & Accessories,Hats,Baseball Cap
Womens,Bags & Accessories,Handbags,Briefcase Bag
Womens,Bags & Accessories,Hats,Visor Cap
Womens,Bags & Accessories,Clear Glasses,Round Glasses
Womens,Bags & Accessories,Hats,Top Hat
Womens,Bags & Accessories,Hats,Bucket Hat
Womens,Bags & Accessories,Handbags,Bum Bag
Womens,Bags & Accessories,Scarves & Shawls,Scarf
Womens,Bags & Accessories,Belts,Sequin Belt
Womens,Bags & Accessories,Hats,Trapper Hat
Womens,Bags & Accessories,Umbrellas,Umbrella
Womens,Bags & Accessories,Scarves & Shawls,Shawl
Womens,Bags & Accessories,Hats,Beanie Hat
Womens,Bags & Accessories,Sunglasses,Cat Eye Sunglasses
Womens,Bags & Accessories,Handbags,Hobo Bag
Womens,Bags & Accessories,Scarves & Shawls,Cowl Scarf
Womens,Bags & Accessories,Handbags,Shopper Bag
Womens,Bags & Accessories,Umbrellas,Folding Umbrella
Womens,Bags & Accessories,Scarves & Shawls,Headscarf
Womens,Bags & Accessories,Scarves & Shawls,Boa Scarf
Womens,Bags & Accessories,Belts,Golf Belt
Womens,Bags & Accessories,Sunglasses,Round Sunglasses
Womens,Bags & Accessories,Sunglasses,Geometric Sunglasses
Womens,Bags & Accessories,Hats,Deerstalker Hat
Womens,Bags & Accessories,Hats,Homburg Hat
Womens,Bags & Accessories,Scarves & Shawls,Wrap Scarf
Womens,Bags & Accessories,Handbags,Crossbody Bag
Womens,Bags & Accessories,Gloves & Mittens,Mitten Gloves
Womens,Bags & Accessories,Sunglasses,Oversized Sunglasses
Womens,Bags & Accessories,Hats,Panama Hat
Womens,Bags & Accessories,Sunglasses,Wayfarer Sunglasses
Womens,Bags & Accessories,Hats,Cowboy Hat
Womens,Bags & Accessories,Hats,Fascinator Hat
Womens,Bags & Accessories,Umbrellas,Parasol Umbrella
Womens,Bags & Accessories,Handbags,Shoulder Bag
Womens,Bags & Accessories,Handbags,Frame Bag
Womens,Bags & Accessories,Sunglasses,Butterfly Sunglasses
Womens,Bags & Accessories,Scarves & Shawls,Stole Scarf
Womens,Bags & Accessories,Umbrellas,Walking Stick Umbrella
Womens,Bags & Accessories,Scarves & Shawls,Cowl Scarf
Womens,Bags & Accessories,Purses & Wallets,Pouch Purse
Womens,Bags & Accessories,Handbags,Bucket Bag
Womens,Bags & Accessories,Purses & Wallets,Minaudiere Purse
Womens,Bags & Accessories,Handbags,Laptop Bag
Womens,Bags & Accessories,Handbags,Briefcase Bag
Womens,Bags & Accessories,Hats,Snapback Cap
Womens,Bags & Accessories,Sunglasses,Aviator Sunglasses
Womens,Bags & Accessories,Handbags,Messenger Bag
Womens,Bags & Accessories,Gloves & Mittens,Gloves
Womens,Bags & Accessories,Handbags,Duffle Bag
Womens,Bags & Accessories,Belts,Tie Belt
Womens,Bags & Accessories,Belts,Chain Belt
Womens,Bags & Accessories,Handbags,Bag
Womens,Bags & Accessories,Belts,Concho Belt
Womens,Bags & Accessories,Handbags,Satchel Bag
Womens,Bags & Accessories,Belts,Western Belt
Womens,Bags & Accessories,Belts,Bling Belt
Womens,Bags & Accessories,Clear Glasses,Rectangular Glasses
Womens,Bags & Accessories,Handbags,Barrel Bag
Womens,Bags & Accessories,Belts,Ribbon Belt
Womens,Bags & Accessories,Handbags,Satchel Bag
Womens,Bags & Accessories,Clear Glasses,Glasses
Womens,Bags & Accessories,Belts,Hip Belt
Womens,Bags & Accessories,Hats,Hat
Womens,Bags & Accessories,Hats,Cap
Womens,Bags & Accessories,Gloves & Mittens,Fingerless Gloves
Womens,Bags & Accessories,Handbags,Waist Bag
Womens,Bags & Accessories,Umbrellas,Compact Umbrella
Womens,Bags & Accessories,Umbrellas,Pagoda Umbrella
Womens,Bags & Accessories,Hats,Bobble Hat
Womens,Bags & Accessories,Hats,Boonie Hat
Womens,Bags & Accessories,Sunglasses,Sport Sunglasses
Womens,Bags & Accessories,Belts,Corset Belt
Womens,Bags & Accessories,Sunglasses,Sunglasses
Womens,Bags & Accessories,Hats,Taqiyah Hat
Womens,Bags & Accessories,Handbags,Shoulder Bag
Womens,Bags & Accessories,Belts,Woven Belt
Womens,Bags & Accessories,Scarves & Shawls,Bandana Scarf
Womens,Bags & Accessories,Handbags,Bum Bag
Womens,Bags & Accessories,Hats,Trucker Cap
Womens,Bags & Accessories,Hats,Beanie Cap
Womens,Bags & Accessories,Scarves & Shawls,Hijab Shawl
Womens,Bags & Accessories,Belts,Ratchet Belt
Womens,Bags & Accessories,Handbags,Gym Bag
Womens,Bags & Accessories,Hats,Cocktail Hat
Womens,Bags & Accessories,Handbags,Clutch Bag
Womens,Bags & Accessories,Handbags,Barrel Bag
Womens,Bags & Accessories,Purses & Wallets,Card Wallet
Womens,Bags & Accessories,Sunglasses,Square Sunglasses
Womens,Bags & Accessories,Handbags,Messenger Bag
Womens,Bags & Accessories,Hats,Cossack Hat
Womens,Bags & Accessories,Handbags,Waist Bag
Womens,Bags & Accessories,Hats,Cloche Hat
Womens,Bags & Accessories,Handbags,Tote Bag
Womens,Bags & Accessories,Hats,Flat Cap
Womens,Bags & Accessories,Scarves & Shawls,Square Scarf
Womens,Bags & Accessories,Purses & Wallets,Wristlet Purse
Womens,Bags & Accessories,Hats,Headband Hat
Womens,Bags & Accessories,Umbrellas,Mini Umbrella
Womens,Bags & Accessories,Umbrellas,Classic Umbrella
Womens,Bags & Accessories,Hats,Bandana Hat
Womens,Bags & Accessories,Belts,Military Belt
Womens,Bags & Accessories,Umbrellas,Standard Umbrella
Womens,Bags & Accessories,Sunglasses,Rectangular Sunglasses
Womens,Bags & Accessories,Belts,Belt
Womens,Bags & Accessories,Hats,Army Cap
Womens,Bags & Accessories,Hats,Turban Hat
Womens,Bags & Accessories,Clear Glasses,Square Glasses
Womens,Bags & Accessories,Purses & Wallets,Purse
Womens,Bags & Accessories,Hats,Fedora Hat
Womens,Bags & Accessories,Handbags,Saddle Bag
Womens,Bags & Accessories,Hats,Trilby Hat
Womens,Bags & Accessories,Belts,Mesh Belt
Womens,Bags & Accessories,Scarves & Shawls,Rectangle Scarf
Womens,Bags & Accessories,Handbags,Backpack
Girls,Bags & Accessories,Bags,Bag
Girls,Bags & Accessories,Belts,Hip Belt
Girls,Bags & Accessories,Sunglasses & Eyewear,Rectangular Glasses
Girls,Bags & Accessories,Hats,Bucket Hat
Girls,Bags & Accessories,Purses & Wallets,Wristlet Purse
Girls,Bags & Accessories,Sunglasses & Eyewear,Aviator Sunglasses
Girls,Bags & Accessories,Bags,Barrel Bag
Girls,Bags & Accessories,Bags,Hobo Bag
Girls,Bags & Accessories,Bags,Barrel Bag
Girls,Bags & Accessories,Bags,Briefcase Bag
Girls,Bags & Accessories,Bags,Messenger Bag
Girls,Bags & Accessories,Belts,Corset Belt
Girls,Bags & Accessories,Hats,Beanie Cap
Girls,Bags & Accessories,Belts,Woven Belt
Girls,Bags & Accessories,Purses & Wallets,Minaudiere Purse
Girls,Bags & Accessories,Belts,Dress Belt
Girls,Bags & Accessories,Hats,Flat Cap
Girls,Bags & Accessories,Purses & Wallets,Card Wallet
Girls,Bags & Accessories,Umbrellas,Standard Umbrella
Girls,Bags & Accessories,Bags,Baguette Bag
Girls,Bags & Accessories,Bags,Bum Bag
Girls,Bags & Accessories,Belts,Sash Belt
Girls,Bags & Accessories,Hats,Bowler Hat
Girls,Bags & Accessories,Bags,Laptop Bag
Girls,Bags & Accessories,Scarves & Shawls,Poncho Shawl
Girls,Bags & Accessories,Umbrellas,Parasol Umbrella
Girls,Bags & Accessories,Scarves & Shawls,Bandana Scarf
Girls,Bags & Accessories,Sunglasses & Eyewear,Round Sunglasses
Girls,Bags & Accessories,Purses & Wallets,Clutch Purse
Girls,Bags & Accessories,Sunglasses & Eyewear,Glasses
Girls,Bags & Accessories,Bags,Gym Bag
Girls,Bags & Accessories,Hats,Fedora Hat
Girls,Bags & Accessories,Belts,Ratchet Belt
Girls,Bags & Accessories,Bags,Duffle Bag
Girls,Bags & Accessories,Hats,Baseball Cap
Girls,Bags & Accessories,Bags,Shoulder Bag
Girls,Bags & Accessories,Scarves & Shawls,Wrap Scarf
Girls,Bags & Accessories,Bags,Messenger Bag
Girls,Bags & Accessories,Belts,Sequin Belt
Girls,Bags & Accessories,Umbrellas,Classic Umbrella
Girls,Bags & Accessories,Hats,Bobble Hat
Girls,Bags & Accessories,Hats,Homburg Hat
Girls,Bags & Accessories,Bags,Satchel Bag
Girls,Bags & Accessories,Bags,Duffle Bag
Girls,Bags & Accessories,Scarves & Shawls,Cowl Scarf
Girls,Bags & Accessories,Bags,Shoulder Bag
Girls,Bags & Accessories,Sunglasses & Eyewear,Wayfarer Sunglasses
Girls,Bags & Accessories,Bags,Bucket Bag
Girls,Bags & Accessories,Bags,Saddle Bag
Girls,Bags & Accessories,Scarves & Shawls,Cowl Scarf
Girls,Bags & Accessories,Bags,Waist Bag
Girls,Bags & Accessories,Hats,Trilby Hat
Girls,Bags & Accessories,Scarves & Shawls,Scarf
Girls,Bags & Accessories,Belts,Bling Belt
Girls,Bags & Accessories,Belts,Ribbon Belt
Girls,Bags & Accessories,Hats,Pillbox Hat
Girls,Bags & Accessories,Sunglasses & Eyewear,Oval Sunglasses
Girls,Bags & Accessories,Hats,Trapper Hat
Girls,Bags & Accessories,Hats,Beanie Hat
Girls,Bags & Accessories,Belts,Chain Belt
Girls,Bags & Accessories,Bags,Tote Bag
Girls,Bags & Accessories,Umbrellas,Compact Umbrella
Girls,Bags & Accessories,Belts,Mesh Belt
Girls,Bags & Accessories,Scarves & Shawls,Scarf
Girls,Bags & Accessories,Hats,Cossack Hat
Girls,Bags & Accessories,Belts,Studded Belt
Girls,Bags & Accessories,Hats,Docker Hat
Girls,Bags & Accessories,Sunglasses & Eyewear,Oval Glasses
Girls,Bags & Accessories,Hats,Deerstalker Hat
Girls,Bags & Accessories,Scarves & Shawls,Square Scarf
Girls,Bags & Accessories,Gloves & Mittens,Fingerless Gloves
Girls,Bags & Accessories,Bags,Bum Bag
Girls,Bags & Accessories,Hats,Cocktail Hat
Girls,Bags & Accessories,Hats,Cap
Girls,Bags & Accessories,Sunglasses & Eyewear,Shield Sunglasses
Girls,Bags & Accessories,Hats,Fascinator Hat
Girls,Bags & Accessories,Scarves & Shawls,Rectangle Scarf
Girls,Bags & Accessories,Purses & Wallets,Purse
Girls,Bags & Accessories,Belts,Tie Belt
Girls,Bags & Accessories,Hats,Turban Hat
Girls,Bags & Accessories,Scarves & Shawls,Boa Scarf
Girls,Bags & Accessories,Bags,Crossbody bag
Girls,Bags & Accessories,Gloves & Mittens,Mitten Gloves
Girls,Bags & Accessories,Sunglasses & Eyewear,Oversized Sunglasses
Girls,Bags & Accessories,Hats,Cowboy Hat
Girls,Bags & Accessories,Purses & Wallets,Pouch Purse
Girls,Bags & Accessories,Sunglasses & Eyewear,Rectangular Sunglasses
Girls,Bags & Accessories,Bags,Crossbody Bag
Girls,Bags & Accessories,Scarves & Shawls,Bandana Scarf
Girls,Bags & Accessories,Hats,Army Cap
Girls,Bags & Accessories,Hats,Boonie Hat
Girls,Bags & Accessories,Hats,Beret Hat
Girls,Bags & Accessories,Belts,Belt
Girls,Bags & Accessories,Hats,Top Hat
Girls,Bags & Accessories,Scarves & Shawls,Stole Scarf
Girls,Bags & Accessories,Sunglasses & Eyewear,Butterfly Sunglasses
Girls,Bags & Accessories,Bags,Satchel Bag
Girls,Bags & Accessories,Purses & Wallets,Wallet
Girls,Bags & Accessories,Umbrellas,Golf Umbrella
Girls,Bags & Accessories,Hats,Boater Hat
Girls,Bags & Accessories,Bags,Briefcase Bag
Girls,Bags & Accessories,Hats,Newsboy Cap
Girls,Bags & Accessories,Sunglasses & Eyewear,Cat Eye Sunglasses
Girls,Bags & Accessories,Belts,Golf Belt
Girls,Bags & Accessories,Sunglasses & Eyewear,Square Glasses
Girls,Bags & Accessories,Scarves & Shawls,Shawl
Girls,Bags & Accessories,Bags,Shopper Bag
Girls,Bags & Accessories,Scarves & Shawls,Hijab Shawl
Girls,Bags & Accessories,Bags,Waist Bag
Girls,Bags & Accessories,Umbrellas,Mini Umbrella
Girls,Bags & Accessories,Hats,Cloche Hat
Girls,Bags & Accessories,Hats,Headband Hat
Girls,Bags & Accessories,Scarves & Shawls,Pashmina Shawl
Girls,Bags & Accessories,Sunglasses & Eyewear,Clubmaster Sunglasses
Girls,Bags & Accessories,Bags,Gym Bag
Girls,Bags & Accessories,Bags,Backpack
Girls,Bags & Accessories,Hats,Visor Cap
Girls,Bags & Accessories,Hats,Panama Hat
Girls,Bags & Accessories,Bags,Flap Bag
Girls,Bags & Accessories,Umbrellas,Umbrella
Girls,Bags & Accessories,Hats,Snapback Cap
Girls,Bags & Accessories,Sunglasses & Eyewear,Square Sunglasses
Girls,Bags & Accessories,Hats,Taqiyah Hat
Girls,Bags & Accessories,Hats,Bandana Hat
Girls,Bags & Accessories,Hats,Trucker Cap
Girls,Bags & Accessories,Sunglasses & Eyewear,Round Glasses
Girls,Bags & Accessories,Bags,Backpack
Girls,Bags & Accessories,Hats,Hat
Girls,Bags & Accessories,Scarves & Shawls,Snood Scarf
Girls,Bags & Accessories,Scarves & Shawls,Headscarf
Girls,Bags & Accessories,Sunglasses & Eyewear,Sunglasses
Girls,Bags & Accessories,Umbrellas,Walking Stick Umbrella
Girls,Bags & Accessories,Belts,Waist Belt
Girls,Bags & Accessories,Belts,Concho Belt
Girls,Bags & Accessories,Belts,Military Belt
Girls,Bags & Accessories,Bags,Frame Bag
Girls,Bags & Accessories,Gloves & Mittens,Gloves
Girls,Bags & Accessories,Umbrellas,Pagoda Umbrella
Girls,Bags & Accessories,Umbrellas,Folding Umbrella
Girls,Bags & Accessories,Belts,Western Belt
Girls,Shoes,Boots,Wedge Boots
Girls,Shoes,Boots,Combat Boots
Girls,Shoes,Boots,Biker Boots
Girls,Bags & Accessories,Sunglasses & Eyewear,Geometric Sunglasses
Girls,Bags & Accessories,Sunglasses & Eyewear,Sport Sunglasses
Girls,Shoes,Sandals & Beach Shoes,Sandals
Girls,Shoes,Boots,Oxford Boots
Girls,Shoes,Flats,Espadrille Shoes
Girls,Shoes,Heels,Mary Jane Hells
Girls,Shoes,Trainers,Trainers
Girls,Shoes,Boots,Shearling Style Boots
Girls,Shoes,Heels,Slingback Wedges
Girls,Shoes,Boots,Wellies Boots
Girls,Shoes,Heels,Wedges
Girls,Shoes,Heels,Mule Heels
Girls,Shoes,Boots,Brogue Boots
Girls,Shoes,Heels,Slingback Heels
Girls,Shoes,Boots,Chelsea Boots
Girls,Shoes,Flats,Mule Shoes
Girls,Shoes,Flats,Slip On Shoes
Girls,Shoes,Sandals & Beach Shoes,Flip Flop Sandals
Girls,Shoes,Flats,Moccasin Shoes
Girls,Shoes,Heels,Pump Heels
Girls,Shoes,Heels,Clog Heels
Girls,Shoes,Heels,Heels
Girls,Shoes,Heels,Platform Pump Heels
Girls,Shoes,Boots,Boots
Girls,Shoes,Boots,Cowboy Boots
Girls,Shoes,Trainers,High-Hop Trainers
Girls,Shoes,Sandals & Beach Shoes,Thong Sandals
Girls,Shoes,Heels,Stiletto Heels
Girls,Shoes,Heels,Strappy Heels
Girls,Shoes,Boots,Knee High Boots
Girls,Shoes,Boots,Desert Boots
Girls,Shoes,Sandals & Beach Shoes,Gladiator Sandals
Girls,Shoes,Heels,Dâ€™Orsay Heels
Girls,Clothing,Trousers,Chino Trousers
Girls,Shoes,Flats,Ballet Flat
Girls,Shoes,Sandals & Beach Shoes,Sliders Sandals
Girls,Shoes,Flats,Shoes
Girls,Shoes,Heels,T-Strap Heels
Girls,Clothing,Dresses,Tea Dress
Girls,Shoes,Boots,Snow Boots
Girls,Clothing,Waistcoats,Waistcoat
Girls,Clothing,Dresses,Strapless Dress
Girls,Clothing,Shirts & Blouses,Formal Shirt
Girls,Clothing,Jumpers & Cardigans,V-Neck Jumper Sweater
Girls,Clothing,Skirts,Gypsy Skirt
Girls,Clothing,"Coats, Jackets & Snowsuits",Princess Coat
Girls,Clothing,Activewear Skirts & Skorts,Tennis Skirt
Girls,Clothing,Dresses,A-Line Dress
Girls,Clothing,Jumpers & Cardigans,Shawl Neck Jumper Sweater
Girls,Clothing,"Coats, Jackets & Snowsuits",Windbreaker Jacket
Girls,Clothing,Jumpers & Cardigans,Vest Tank Top
Girls,Clothing,"Coats, Jackets & Snowsuits",Military Jacket
Girls,Clothing,"Coats, Jackets & Snowsuits",Chesterfield Coat
Girls,Clothing,Jumpers & Cardigans,Fleece Jumper
Girls,Clothing,"Coats, Jackets & Snowsuits",Padded Jacket
Girls,Clothing,Dresses,Princess Dress
Girls,Clothing,Shorts,Hot Pants
Girls,Clothing,Jeans,Bootcut Jeans
Girls,Clothing,"T-Shirts, Tops & Shirts",Off Shoulder Top
Girls,Clothing,Activewear Trousers,Waterproof Trousers
Girls,Clothing,Skirts,Denim Skirt
Girls,Clothing,Jumpers & Cardigans,Zip Neck Jumper Sweater
Girls,Clothing,"T-Shirts, Tops & Shirts",Denim Shirt
Girls,Clothing,Shorts,Cargo Shorts
Girls,Clothing,Activewear Trousers,Ski Trousers
Girls,Clothing,"T-Shirts, Tops & Shirts",Halter Top
Girls,Clothing,Activewear Trousers,Trousers
Girls,Clothing,Activewear Shorts,Sport Shorts
Girls,Clothing,"Coats, Jackets & Snowsuits",Reversible Gilet
Girls,Clothing,Suits & Tailoring,2 Piece Skirt Set
Girls,Clothing,Jeans,High Waist Jeans
Girls,Clothing,"T-Shirts, Tops & Shirts",Top 3/4 Sleeve
Girls,Clothing,"Coats, Jackets & Snowsuits",Rain Jacket
Girls,Clothing,"Coats, Jackets & Snowsuits",Fleece Jacket
Girls,Clothing,Dresses,Asymmetrical Dress
Girls,Clothing,Dresses,Jumper Dress
Girls,Clothing,Shirts & Blouses,Ruffle Front Shirt
Girls,Clothing,Jeans,Wide Leg Jeans
Girls,Clothing,"Coats, Jackets & Snowsuits",Anorak Jacket
Girls,Clothing,Jumpers & Cardigans,Sweater
Girls,Clothing,Swimwear,Bikini
Girls,Clothing,Shorts,Chino Shorts
Girls,Clothing,"Coats, Jackets & Snowsuits",Corduroy Gilet
Girls,Clothing,Trousers,Cargo Trousers
Girls,Clothing,Dresses,Shift Dress
Girls,Clothing,Jeans,Jegging Jeans
Girls,Clothing,"T-Shirts, Tops & Shirts",Cami Top
Girls,Clothing,Dresses,Sundress
Girls,Clothing,Shorts,Corduroy Shorts
Girls,Clothing,"Coats, Jackets & Snowsuits",Raincoat
Girls,Clothing,Dresses,Polo Dress
Girls,Clothing,"Coats, Jackets & Snowsuits",Reversible Jacket
Girls,Clothing,Dresses,Wrap Dress
Girls,Clothing,"Coats, Jackets & Snowsuits",Biker Jacket
Girls,Clothing,Trousers,Harem Trousers
Girls,Clothing,Hoodies & Sweats,Zip Hoodie Sweater
Girls,Clothing,Shirts & Blouses,Blouse Top
Girls,Clothing,Skirts,Mermaid Skirt
Girls,Clothing,"Coats, Jackets & Snowsuits",Quilted Gilet
Girls,Clothing,Shirts & Blouses,Tuxedo Shirt
Girls,Clothing,Leggings,Leggings
Girls,Clothing,"T-Shirts, Tops & Shirts",Tunic Top
Girls,Clothing,Dresses,Sheath Dress
Girls,Clothing,"Coats, Jackets & Snowsuits",Denim Gilet
Girls,Clothing,"Coats, Jackets & Snowsuits",Denim Jacket
Girls,Clothing,"T-Shirts, Tops & Shirts",Graphic Top Long Sleeve
Girls,Clothing,Activewear Tops,T-Shirt Top
Girls,Clothing,Skirts,Straight Skirt
Girls,Clothing,Activewear Tops,Graphic T-Shirt Top
Girls,Clothing,Shirts & Blouses,Pullover Shirt
Girls,Clothing,"Coats, Jackets & Snowsuits",Overcoat
Girls,Clothing,Activewear Skirts & Skorts,Skort
Girls,Clothing,Dresses,Bodycon Dress
Girls,Clothing,Activewear Tops,Graphic Top Long Sleeve
Girls,Clothing,Activewear Jackets,Tracksuit Top Jacket
Girls,Clothing,"Coats, Jackets & Snowsuits",Fleece Gilet
Girls,Clothing,Trousers,Waterproof Trousers
Girls,Clothing,Skirts,Knife Pleated Skirt
Girls,Clothing,Dresses,Dungaree Dress
Girls,Clothing,Swimwear,Swimwear
Girls,Clothing,Suits & Tailoring,2 Piece Set
Girls,Clothing,"Coats, Jackets & Snowsuits",Windbreaker Coat
Girls,Clothing,Dresses,Tunic Dress
Girls,Clothing,Skirts,Maxi Skirt
Girls,Clothing,Activewear Tops,Jersey Top
Girls,Clothing,Jeans,Skinny Jeans
Girls,Clothing,Dresses,Peplum Dress
Girls,Clothing,"Coats, Jackets & Snowsuits",Pea Coat
Girls,Clothing,Trousers,Trousers
Girls,Clothing,"T-Shirts, Tops & Shirts",Bolero Top
Girls,Clothing,"T-Shirts, Tops & Shirts",Rugby Polo Shirt
Girls,Clothing,"Coats, Jackets & Snowsuits",Parka Jacket
Girls,Clothing,"Coats, Jackets & Snowsuits",Leather Gilet
Girls,Clothing,Tracksuits & Sets,Full Tracksuit
Girls,Clothing,"Coats, Jackets & Snowsuits",Denim Coat
Girls,Clothing,"T-Shirts, Tops & Shirts",Top Long Sleeve
Girls,Clothing,Activewear Trousers,Leggings
Girls,Clothing,Jumpsuits & Playsuits,Bodysuit
Girls,Clothing,"T-Shirts, Tops & Shirts",Graphic Top 3/4 Sleeve
Girls,Clothing,Jumpers & Cardigans,Boat Neck Jumper Sweater
Girls,Clothing,Dresses,Tutu Dress
Girls,Clothing,Dresses,Pencil Dress
Girls,Clothing,"Coats, Jackets & Snowsuits",Flight Aviator Jacket
Girls,Clothing,"Coats, Jackets & Snowsuits",Sherpa Jacket
Girls,Clothing,Activewear Tops,Pullover Tracksuit Top
Girls,Clothing,Jumpers & Cardigans,Turtle Neck Jumper Sweater
Girls,Clothing,"T-Shirts, Tops & Shirts",Strapless Top
Girls,Clothing,"T-Shirts, Tops & Shirts",Blouse Top
Girls,Clothing,"Coats, Jackets & Snowsuits",Gilet
Girls,Clothing,Activewear Tops,Top
Girls,Clothing,Jeans,Jeans
Girls,Clothing,"T-Shirts, Tops & Shirts",Shirt Blouse
Girls,Clothing,Dresses,Apron Dress
Girls,Clothing,"Coats, Jackets & Snowsuits",Poncho Coat
Girls,Clothing,"Coats, Jackets & Snowsuits",Harrington Jacket
Girls,Clothing,Dresses,Corset Dress
Girls,Clothing,"Coats, Jackets & Snowsuits",MA-1 Flight Jacket
Girls,Clothing,Dresses,Qi-Pao Dress
Girls,Clothing,Jeans,Drop Crotch Jeans
Girls,Clothing,"Coats, Jackets & Snowsuits",Racer Jacket
Girls,Clothing,Skirts,Pleated Skirt
Girls,Clothing,Hoodies & Sweats,Hoodie Jumper
Girls,Clothing,Skirts,Flared Skirt
Girls,Clothing,Jeans,Low Waist Jeans
Girls,Clothing,"Coats, Jackets & Snowsuits",Leather Coat
Girls,Clothing,Trousers,Dungarees Trousers
Girls,Clothing,"T-Shirts, Tops & Shirts",Ruffle Front Shirt
Girls,Clothing,Skirts,Midi Skirt
Girls,Clothing,"Coats, Jackets & Snowsuits",Bomber Jacket
Girls,Clothing,Dresses,Empire Dress
Girls,Clothing,Activewear Tops,Top Long Sleeve
Girls,Clothing,Dresses,One Shoulder Dress
Girls,Clothing,"Coats, Jackets & Snowsuits",Duffle Coat
Girls,Clothing,Trousers,Corduroy Trousers
Girls,Clothing,"Coats, Jackets & Snowsuits",Shearling Jacket
Girls,Clothing,Activewear Jackets,Ski Jacket
Girls,Clothing,Trousers,Casual Trousers
Girls,Clothing,Jeans,Tapered Jeans
Girls,Clothing,"Coats, Jackets & Snowsuits",Jacket
Girls,Clothing,"Coats, Jackets & Snowsuits",Quilted Jacket
Girls,Clothing,Skirts,Sarong Skirt
Girls,Clothing,Skirts,Wrap Skirt
Girls,Clothing,Jeans,Capri Jeans
Girls,Clothing,"T-Shirts, Tops & Shirts",Vest Top
Girls,Clothing,Shirts & Blouses,Shirt Blouse
Girls,Clothing,Activewear Trousers,Windbreaker Trousers
Girls,Clothing,Dresses,Slip Dress
Girls,Clothing,Skirts,Circular Skirt
Girls,Clothing,Jeans,Flared Jeans
Girls,Clothing,"T-Shirts, Tops & Shirts",T-Shirt Top
Girls,Clothing,Jumpers & Cardigans,Jumper
Girls,Clothing,"T-Shirts, Tops & Shirts",Wrap Shirt
Girls,Clothing,"Coats, Jackets & Snowsuits",Varsity Jacket
Girls,Clothing,Activewear Skirts & Skorts,Skirt
Girls,Clothing,Dresses,Pouf Dress
Girls,Clothing,"Coats, Jackets & Snowsuits",Padded Gilet
Girls,Clothing,Shorts,Bermuda Shorts
Girls,Clothing,Skirts,Trumpet Skirt
Girls,Clothing,"Coats, Jackets & Snowsuits",Corduroy Coat
Girls,Clothing,"Coats, Jackets & Snowsuits",Padded Coat
Girls,Clothing,Activewear Tops,Graphic Top 3/4 Sleeve
Girls,Clothing,Dresses,Tennis Dress
Girls,Clothing,Trousers,Cropped Trousers
Girls,Clothing,Dresses,Basic Dress
Girls,Clothing,"Coats, Jackets & Snowsuits",Trench Coat
Girls,Clothing,Shorts,Shorts
Girls,Clothing,"Coats, Jackets & Snowsuits",Duffle Jacket
Girls,Clothing,Dresses,Maxi Dress
Girls,Clothing,"Coats, Jackets & Snowsuits",Waterproof Jacket
Girls,Clothing,Dresses,Off Shoulder Dress
Girls,Clothing,Jumpers & Cardigans,Roll Neck Jumper Sweater
Girls,Clothing,Hoodies & Sweats,Sweatshirt Jumper
Girls,Clothing,Skirts,Peplum Skirt
Girls,Clothing,Skirts,Skirt
Girls,Clothing,Skirts,Tiered Skirt
Girls,Clothing,"Coats, Jackets & Snowsuits",Kimono Jacket
Girls,Clothing,Activewear Tops,Top Long Sleeve
Girls,Clothing,"Coats, Jackets & Snowsuits",Cape Coat
Girls,Clothing,"T-Shirts, Tops & Shirts",Graphic Top Long Sleeve
Girls,Clothing,Jeans,Loose Jeans
Girls,Clothing,Activewear Trousers,Tracksuit Trousers
Girls,Clothing,"Coats, Jackets & Snowsuits",Suede Jacket
Girls,Clothing,Jumpers & Cardigans,Polo Neck Jumper Sweater
Girls,Clothing,"Coats, Jackets & Snowsuits",Capelet Coat
Girls,Clothing,Dresses,Tiered Dress
Girls,Clothing,Dresses,Tent Dress
Girls,Clothing,"T-Shirts, Tops & Shirts",Crop Top
Girls,Clothing,"Coats, Jackets & Snowsuits",Waxed Cotton Jacket
Girls,Clothing,"T-Shirts, Tops & Shirts",Top
Girls,Clothing,"T-Shirts, Tops & Shirts",Formal Shirt
Girls,Clothing,Activewear Tops,Graphic Vest Top
Girls,Clothing,Jumpers & Cardigans,Cardigan Sweater
Girls,Clothing,"Coats, Jackets & Snowsuits",Blazer Jacket
Girls,Clothing,"T-Shirts, Tops & Shirts",Flannel Shirt
Girls,Clothing,Trousers,Suit Trousers
Girls,Clothing,Jeans,Cropped Jeans
Girls,Clothing,Skirts,Tulip Skirt
Girls,Clothing,Shirts & Blouses,Shirt
Girls,Clothing,"T-Shirts, Tops & Shirts",Pullover Tracksuit Top
Girls,Clothing,Dresses,Bubble Dress
Girls,Clothing,Shirts & Blouses,Flannel Shirt
Girls,Clothing,Skirts,Ruffle Skirt
Girls,Clothing,Shorts,Casual Shorts
Girls,Clothing,Dresses,Shirt Dress
Girls,Clothing,"T-Shirts, Tops & Shirts",Shirt
Girls,Clothing,"T-Shirts, Tops & Shirts",Jersey Top
Girls,Clothing,"T-Shirts, Tops & Shirts",Polo Shirt
Girls,Clothing,Shirts & Blouses,Denim Shirt
Girls,Clothing,Skirts,Bubble Skirt
Girls,Clothing,Dresses,Swing Dress
Girls,Clothing,"Coats, Jackets & Snowsuits",Bolero Jacket
Girls,Clothing,Skirts,Mini Skirt
Girls,Clothing,Skirts,Tutu Skirt
Girls,Clothing,Activewear Skirts & Skorts,Golf Skirt
Girls,Clothing,Activewear Trousers,Tracksuit Trousers Joggers
Girls,Clothing,Jumpers & Cardigans,Crew Neck Jumper Sweater
Girls,Clothing,Dresses,Dress
Girls,Clothing,Suits & Tailoring,2 Piece Suit
Girls,Clothing,Activewear Tops,Tracksuit Top
Girls,Clothing,Dresses,T-Shirt Dress
Girls,Clothing,"Coats, Jackets & Snowsuits",Coat
Girls,Clothing,Skirts,Corduroy Skirt
Girls,Clothing,Skirts,Circle Skirt
Girls,Clothing,Skirts,Cargo Skirt
Girls,Clothing,Tracksuits & Sets,2 Piece Set
Girls,Clothing,Dresses,Drop Waist Dress
Girls,Clothing,Swimwear,Swimming Shorts
Girls,Clothing,Skirts,Pencil Skirt
Girls,Clothing,Trousers,Capri Trousers
Girls,Clothing,Dresses,Mermaid Dress
Girls,Clothing,Jeans,Straight Jeans
Girls,Clothing,Activewear Tops,Top 3/4 Sleeve
Girls,Clothing,Dresses,Denim Dress
Girls,Clothing,Dresses,Pinafore Dress
Girls,Clothing,"T-Shirts, Tops & Shirts",Graphic T-Shirt Top
Girls,Clothing,Dresses,Charleston Dress
Girls,Clothing,Jumpsuits & Playsuits,Jumpsuit
Girls,Clothing,Shirts & Blouses,Wrap Shirt
Girls,Clothing,Trousers,Windbreaker Trousers
Girls,Clothing,Jumpers & Cardigans,Button Neck Jumper Sweater
Girls,Clothing,"T-Shirts, Tops & Shirts",Graphic Vest Top
Girls,Clothing,"T-Shirts, Tops & Shirts",Pullover Shirt
Girls,Clothing,"Coats, Jackets & Snowsuits",Utility Jacket
Girls,Clothing,"T-Shirts, Tops & Shirts",See Through Top
Girls,Clothing,"Coats, Jackets & Snowsuits",Double Breasted Coat
Girls,Clothing,"T-Shirts, Tops & Shirts",Tuxedo Shirt
Girls,Clothing,Skirts,A-Line Skirt
Girls,Clothing,Dresses,Halter Dress
Girls,Clothing,Activewear Tops,Vest Top
Girls,Clothing,"T-Shirts, Tops & Shirts",One Shoulder Top
Girls,Clothing,Shorts,Denim Shorts
Girls,Clothing,"Coats, Jackets & Snowsuits",Utility Gilet
Girls,Clothing,"Coats, Jackets & Snowsuits",Corduroy Jacket
Girls,Clothing,Skirts,Asymmetrical Skirt
Girls,Clothing,"Coats, Jackets & Snowsuits",Leather Jacket
Girls,Clothing,Tracksuits & Sets,Ski Jumpsuit
Girls,Clothing,Jumpsuits & Playsuits,Playsuit
Girls,Clothing,Dresses,Kaftan Dress
Girls,Clothing,"T-Shirts, Tops & Shirts",Tracksuit Top
Girls,Clothing,"T-Shirts, Tops & Shirts",Corset Top
Girls,Clothing,"T-Shirts, Tops & Shirts",Top Long Sleeve
Girls,Clothing,Jeans,Slim Jeans
Baby Boys,Clothing,Coats & Jackets,Quilted Gilet
Baby Boys,Clothing,Trousers & Shorts,Casual Trousers
Baby Boys,Clothing,Coats & Jackets,Waxed Cotton Jacket
Baby Boys,Clothing,Coats & Jackets,Quilted Jacket
Baby Boys,Clothing,Coats & Jackets,Utility Gilet
Baby Boys,Clothing,Coats & Jackets,Denim Gilet
Baby Boys,Clothing,Outfits & Sets,Full Tracksuit
Baby Boys,Clothing,Coats & Jackets,Leather Jacket
Baby Boys,Clothing,Trousers & Shorts,Trousers
Baby Boys,Clothing,Coats & Jackets,Parka Jacket
Baby Boys,Clothing,Jumpers & Cardigans,Vest Tank Top
Baby Boys,Clothing,Trousers & Shorts,Slim Jeans
Baby Boys,Clothing,Coats & Jackets,Padded Gilet
Baby Boys,Clothing,Coats & Jackets,Reversible Jacket
Baby Boys,Clothing,Jumpers & Cardigans,Polo Neck Jumper Sweater
Baby Boys,Clothing,"T-Shirts, Tops & Shirts",Top
Baby Boys,Clothing,Coats & Jackets,Fleece Jacket
Baby Boys,Clothing,Coats & Jackets,Bomber Jacket
Baby Boys,Clothing,Coats & Jackets,Gilet
Baby Boys,Clothing,"T-Shirts, Tops & Shirts",Wrap Shirt
Baby Boys,Clothing,"T-Shirts, Tops & Shirts",Formal Shirt
Baby Boys,Clothing,Coats & Jackets,Capelet Coat
Baby Boys,Clothing,Jumpers & Cardigans,Zip Neck Jumper Sweater
Baby Boys,Clothing,"T-Shirts, Tops & Shirts",Tuxedo Shirt
Baby Boys,Clothing,Coats & Jackets,Windbreaker Jacket
Baby Boys,Clothing,Jumpers & Cardigans,Sweater
Baby Boys,Clothing,Playsuits,Bodysuit
Baby Boys,Clothing,"T-Shirts, Tops & Shirts",Overshirt
Baby Boys,Clothing,Coats & Jackets,Sherpa Jacket
Baby Boys,Clothing,Jumpers & Cardigans,Turtle Neck Jumper Sweater
Baby Boys,Clothing,Coats & Jackets,Poncho Coat
Baby Boys,Clothing,Coats & Jackets,Racer Jacket
Baby Boys,Clothing,Coats & Jackets,Military Jacket
Baby Boys,Clothing,Jumpers & Cardigans,Boat Neck Jumper Sweater
Baby Boys,Clothing,Coats & Jackets,Corduroy Jacket
Baby Boys,Clothing,Playsuits,Playsuit
Baby Boys,Clothing,Trousers & Shorts,Cropped Jeans
Baby Boys,Clothing,Coats & Jackets,Raincoat
Baby Boys,Clothing,"T-Shirts, Tops & Shirts",Graphic Top 3/4 Sleeve
Baby Boys,Clothing,Trousers & Shorts,Cropped Trousers
Baby Boys,Clothing,"T-Shirts, Tops & Shirts",Rugby Polo Shirt
Baby Boys,Clothing,Jumpers & Cardigans,Hoodie Jumper
Baby Boys,Clothing,"T-Shirts, Tops & Shirts",Jersey Top
Baby Boys,Clothing,"T-Shirts, Tops & Shirts",Graphic T-Shirt Top
Baby Boys,Clothing,Coats & Jackets,MA-1 Flight Jacket
Baby Boys,Clothing,"T-Shirts, Tops & Shirts",Top Long Sleeve
Baby Boys,Clothing,Trousers & Shorts,Cargo Trousers
Baby Boys,Clothing,Coats & Jackets,Varsity Jacket
Baby Boys,Clothing,Trousers & Shorts,Corduroy Trousers
Baby Boys,Clothing,Coats & Jackets,Overcoat
Baby Boys,Clothing,Coats & Jackets,Cape Coat
Baby Boys,Clothing,Coats & Jackets,Bolero Jacket
Baby Boys,Clothing,"T-Shirts, Tops & Shirts",Flannel Shirt
Baby Boys,Clothing,Jumpers & Cardigans,Button Neck Jumper Sweater
Baby Boys,Clothing,Trousers & Shorts,Capri Trousers
Baby Boys,Clothing,Trousers & Shorts,Straight Jeans
Baby Boys,Clothing,Coats & Jackets,Pea Coat
Baby Boys,Clothing,"T-Shirts, Tops & Shirts",Graphic Vest Top
Baby Boys,Clothing,Coats & Jackets,Reversible Gilet
Baby Boys,Clothing,Coats & Jackets,Rain Jacket
Baby Boys,Clothing,"T-Shirts, Tops & Shirts",Jersey Top
Baby Boys,Clothing,Coats & Jackets,Duffle Jacket
Baby Boys,Clothing,Coats & Jackets,Flight Aviator Jacket
Baby Boys,Clothing,Coats & Jackets,Tracksuit Top Jacket
Baby Boys,Clothing,Jumpers & Cardigans,Cardigan Sweater
Baby Boys,Clothing,Coats & Jackets,Leather Coat
Baby Boys,Clothing,Coats & Jackets,Harrington Jacket
Baby Boys,Clothing,"T-Shirts, Tops & Shirts",Top Long Sleeve
Baby Boys,Clothing,Trousers & Shorts,Cargo Shorts
Baby Boys,Clothing,Trousers & Shorts,Waterproof Trousers
Baby Boys,Clothing,Trousers & Shorts,Sport Shorts
Baby Boys,Clothing,"T-Shirts, Tops & Shirts",Shirt
Baby Boys,Clothing,Playsuits,Jumpsuit
Baby Boys,Clothing,"T-Shirts, Tops & Shirts",T-Shirt Top
Baby Boys,Clothing,Jumpers & Cardigans,Shawl Neck Jumper Sweater
Baby Boys,Clothing,Coats & Jackets,Padded Coat
Baby Boys,Clothing,Trousers & Shorts,Suit Trousers
Baby Boys,Clothing,Coats & Jackets,Shearling Jacket
Baby Boys,Clothing,Coats & Jackets,Blazer Jacket
Baby Boys,Clothing,Coats & Jackets,Chesterfield Coat
Baby Boys,Clothing,"T-Shirts, Tops & Shirts",Polo Shirt
Baby Boys,Clothing,"T-Shirts, Tops & Shirts",Denim Shirt
Baby Boys,Clothing,Trousers & Shorts,Bermuda Shorts
Baby Boys,Clothing,Trousers & Shorts,Casual Shorts
Baby Boys,Clothing,Coats & Jackets,Corduroy Coat
Baby Boys,Clothing,Trousers & Shorts,Shorts
Baby Boys,Clothing,Coats & Jackets,Padded Jacket
Baby Boys,Clothing,Coats & Jackets,Kimono Jacket
Baby Boys,Clothing,Jumpers & Cardigans,V-Neck Jumper Sweater
Baby Boys,Clothing,"T-Shirts, Tops & Shirts",Graphic Top Long Sleeve
Baby Boys,Clothing,"T-Shirts, Tops & Shirts",Pullover Shirt
Baby Boys,Clothing,Coats & Jackets,Waterproof Jacket
Baby Boys,Clothing,Trousers & Shorts,Denim Shorts
Baby Boys,Clothing,Coats & Jackets,Trench Coat
Baby Boys,Clothing,"T-Shirts, Tops & Shirts",Ruffle Front Shirt
Baby Boys,Clothing,Coats & Jackets,Duffle Coat
Baby Boys,Clothing,Coats & Jackets,Leather Gilet
Baby Boys,Clothing,"T-Shirts, Tops & Shirts",Pullover Tracksuit Top
Baby Boys,Clothing,Coats & Jackets,Suede Jacket
Baby Boys,Clothing,Jumpers & Cardigans,Roll Neck Jumper Sweater
Baby Boys,Clothing,Coats & Jackets,Denim Coat
Baby Boys,Clothing,Coats & Jackets,Anorak Jacket
Baby Boys,Clothing,Coats & Jackets,Double Breasted Coat
Baby Boys,Clothing,Coats & Jackets,Denim Jacket
Baby Boys,Clothing,Jumpers & Cardigans,Zip Hoodie Sweater
Baby Boys,Clothing,Coats & Jackets,Utility Jacket
Baby Boys,Clothing,Swimwear,Swimwear
Baby Boys,Clothing,Coats & Jackets,Princess Coat
Baby Boys,Clothing,"T-Shirts, Tops & Shirts",Top 3/4 Sleeve
Baby Boys,Clothing,Jumpers & Cardigans,Crew Neck Jumper Sweater
Baby Boys,Clothing,Coats & Jackets,Windbreaker Coat
Baby Boys,Clothing,Coats & Jackets,Corduroy Gilet
Baby Boys,Clothing,"T-Shirts, Tops & Shirts",Vest Top
Baby Boys,Clothing,Jumpers & Cardigans,Sweatshirt Jumper
Baby Boys,Clothing,Trousers & Shorts,Chino Shorts
Baby Boys,Clothing,Trousers & Shorts,Chino Trousers
Baby Boys,Clothing,Jumpers & Cardigans,Jumper
Baby Boys,Clothing,Trousers & Shorts,Tracksuit Trousers
Baby Boys,Clothing,Coats & Jackets,Fleece Gilet
Baby Boys,Clothing,Swimwear,Swimming Shorts
Baby Boys,Clothing,"T-Shirts, Tops & Shirts",Tracksuit Top
Baby Boys,Clothing,Trousers & Shorts,Corduroy Shorts
Baby Boys,Clothing,Coats & Jackets,Biker Jacket
Baby Boys,Clothing,Trousers & Shorts,Windbreaker Trousers
Baby Boys,Clothing,Trousers & Shorts,Dungarees Trousers
Baby Boys,Shoes,Shoes,Biker Boots
Baby Boys,Shoes,Shoes,Cowboy Boots
Baby Boys,Shoes,Shoes,Sandals
Baby Boys,Shoes,Shoes,Oxford Boots
Baby Boys,Shoes,Shoes,Mule Shoes
Baby Boys,Shoes,Shoes,Thong Sandals
Baby Boys,Shoes,Shoes,Chelsea Boots
Baby Boys,Shoes,Shoes,Snow Boots
Baby Boys,Shoes,Shoes,Knee High Boots
Baby Boys,Shoes,Shoes,Shoes
Baby Boys,Shoes,Shoes,Combat Boots
Baby Boys,Shoes,Shoes,Moccasin Shoes
Baby Boys,Shoes,Shoes,Wellies Boots
Baby Boys,Shoes,Shoes,Slip On Shoes
Baby Boys,Shoes,Shoes,Espadrille Shoes
Baby Boys,Shoes,Shoes,Flats
Baby Boys,Shoes,Shoes,Desert Boots
Baby Boys,Shoes,Shoes,Sliders Sandals
Baby Boys,Shoes,Shoes,Flip Flop Sandals
Baby Boys,Shoes,Shoes,Wedge Boots
Baby Boys,Shoes,Shoes,Ballet Flat
Baby Boys,Shoes,Shoes,Shearling Style Boots
Baby Boys,Shoes,Shoes,High-Hop Trainers
Baby Boys,Shoes,Shoes,Gladiator Sandals
Baby Boys,Shoes,Shoes,Boat Shoes
Baby Boys,Shoes,Shoes,Boots
Baby Boys,Shoes,Shoes,Espadrille Shoes
Baby Boys,Shoes,Shoes,Trainers
Baby Boys,Bags & Accessories,Sunglasses,Oval Sunglasses
Baby Boys,Bags & Accessories,Caps & Hats,Baseball Cap
Baby Boys,Shoes,Shoes,Brogue Boots
Baby Boys,Bags & Accessories,Caps & Hats,Turban Hat
Baby Boys,Bags & Accessories,Caps & Hats,Bowler Hat
Baby Boys,Bags & Accessories,Scarves,Stole Scarf
Baby Boys,Bags & Accessories,Sunglasses,Rectangular Sunglasses
Baby Boys,Bags & Accessories,Sunglasses,Cat Eye Sunglasses
Baby Boys,Bags & Accessories,Gloves & Mittens,Fingerless Gloves
Baby Boys,Bags & Accessories,Belts,Belt
Baby Boys,Bags & Accessories,Gloves & Mittens,Gloves
Baby Boys,Bags & Accessories,Scarves,Wrap Scarf
Baby Boys,Bags & Accessories,Caps & Hats,Visor Cap
Baby Boys,Bags & Accessories,Belts,Hip Belt
Baby Boys,Bags & Accessories,Ties,Cravat
Baby Boys,Bags & Accessories,Belts,Ratchet Belt
Baby Boys,Bags & Accessories,Caps & Hats,Snapback Cap
Baby Boys,Bags & Accessories,Caps & Hats,Pillbox Hat
Baby Boys,Bags & Accessories,Belts,Military Belt
Baby Boys,Bags & Accessories,Ties,Tie
Baby Boys,Bags & Accessories,Caps & Hats,Cocktail Hat
Baby Boys,Bags & Accessories,Caps & Hats,Deerstalker Hat
Baby Boys,Bags & Accessories,Caps & Hats,Headband Hat
Baby Boys,Bags & Accessories,Sunglasses,Round Sunglasses
Baby Boys,Bags & Accessories,Scarves,Bandana Scarf
Baby Boys,Bags & Accessories,Belts,Concho Belt
Baby Boys,Bags & Accessories,Belts,Sash Belt
Baby Boys,Bags & Accessories,Belts,Waist Belt
Baby Boys,Bags & Accessories,Belts,Sequin Belt
Baby Boys,Bags & Accessories,Scarves,Scarf
Baby Boys,Bags & Accessories,Sunglasses,Square Sunglasses
Baby Boys,Bags & Accessories,Caps & Hats,Army Cap
Baby Boys,Bags & Accessories,Belts,Mesh Belt
Baby Boys,Bags & Accessories,Sunglasses,Oversized Sunglasses
Baby Boys,Bags & Accessories,Caps & Hats,Flat Cap
Baby Boys,Bags & Accessories,Belts,Tie Belt
Baby Boys,Bags & Accessories,Sunglasses,Aviator Sunglasses
Baby Boys,Bags & Accessories,Scarves,Scarf
Baby Boys,Bags & Accessories,Sunglasses,Wayfarer Sunglasses
Baby Boys,Bags & Accessories,Caps & Hats,Cap
Baby Boys,Bags & Accessories,Caps & Hats,Docker Hat
Baby Boys,Bags & Accessories,Gloves & Mittens,Mitten Gloves
Baby Boys,Bags & Accessories,Scarves,Boa Scarf
Baby Boys,Bags & Accessories,Sunglasses,Geometric Sunglasses
Baby Boys,Bags & Accessories,Belts,Dress Belt
Baby Boys,Bags & Accessories,Caps & Hats,Newsboy Cap
Baby Boys,Bags & Accessories,Caps & Hats,Beanie Cap
Baby Boys,Bags & Accessories,Scarves,Headscarf
Baby Boys,Bags & Accessories,Scarves,Cowl Scarf
Baby Boys,Bags & Accessories,Caps & Hats,Boater Hat
Baby Boys,Bags & Accessories,Scarves,Cowl Scarf
Baby Boys,Bags & Accessories,Sunglasses,Sunglasses
Baby Boys,Bags & Accessories,Scarves,Poncho Shawl
Baby Boys,Bags & Accessories,Caps & Hats,Bandana Hat
Baby Boys,Bags & Accessories,Sunglasses,Sport Sunglasses
Baby Boys,Bags & Accessories,Belts,Western Belt
Baby Boys,Bags & Accessories,Sunglasses,Clubmaster Sunglasses
Baby Boys,Bags & Accessories,Scarves,Pashmina Shawl
Baby Boys,Bags & Accessories,Ties,Bow Tie
Baby Boys,Bags & Accessories,Caps & Hats,Trilby Hat
Baby Boys,Bags & Accessories,Caps & Hats,Fedora Hat
Baby Boys,Bags & Accessories,Caps & Hats,Homburg Hat
Baby Boys,Bags & Accessories,Scarves,Hijab Shawl
Baby Boys,Bags & Accessories,Scarves,Bandana Scarf
Baby Boys,Bags & Accessories,Caps & Hats,Bobble Hat
Baby Boys,Bags & Accessories,Belts,Golf Belt
Baby Boys,Bags & Accessories,Belts,Bling Belt
Baby Boys,Bags & Accessories,Sunglasses,Butterfly Sunglasses
Baby Boys,Bags & Accessories,Belts,Woven Belt
Baby Boys,Bags & Accessories,Caps & Hats,Cloche Hat
Baby Boys,Bags & Accessories,Caps & Hats,Cowboy Hat
Baby Boys,Bags & Accessories,Caps & Hats,Boonie Hat
Baby Boys,Bags & Accessories,Caps & Hats,Panama Hat
Baby Boys,Bags & Accessories,Belts,Chain Belt
Baby Boys,Bags & Accessories,Scarves,Rectangle Scarf
Baby Boys,Bags & Accessories,Caps & Hats,Bucket Hat
Baby Boys,Bags & Accessories,Caps & Hats,Cossack Hat
Baby Boys,Bags & Accessories,Caps & Hats,Fascinator Hat
Baby Boys,Bags & Accessories,Caps & Hats,Beret Hat
Baby Boys,Bags & Accessories,Caps & Hats,Taqiyah Hat
Baby Boys,Bags & Accessories,Caps & Hats,Hat
Baby Boys,Bags & Accessories,Belts,Corset Belt
Baby Boys,Bags & Accessories,Sunglasses,Shield Sunglasses
Baby Boys,Bags & Accessories,Belts,Studded Belt
Baby Boys,Bags & Accessories,Caps & Hats,Trapper Hat
Baby Boys,Bags & Accessories,Scarves,Square Scarf
Baby Boys,Bags & Accessories,Caps & Hats,Beanie Hat
Baby Boys,Bags & Accessories,Scarves,Snood Scarf
Baby Boys,Bags & Accessories,Belts,Ribbon Belt
Baby Boys,Bags & Accessories,Scarves,Shawl
Baby Boys,Bags & Accessories,Caps & Hats,Top Hat
Baby Boys,Bags & Accessories,Caps & Hats,Trucker Cap
Baby Girls,Bags & Accessories,Belts,Mesh Belt
Baby Girls,Bags & Accessories,Belts,Tie Belt
Baby Girls,Bags & Accessories,Scarves,Cowl Scarf
Baby Girls,Bags & Accessories,Gloves & Mittens,Mitten Gloves
Baby Girls,Bags & Accessories,Caps & Hats,Cap
Baby Girls,Bags & Accessories,Caps & Hats,Cowboy Hat
Baby Girls,Bags & Accessories,Belts,Dress Belt
Baby Girls,Bags & Accessories,Belts,Military Belt
Baby Girls,Bags & Accessories,Belts,Western Belt
Baby Girls,Bags & Accessories,Caps & Hats,Trucker Cap
Baby Girls,Bags & Accessories,Caps & Hats,Beanie Cap
Baby Girls,Bags & Accessories,Scarves,Poncho Shawl
Baby Girls,Bags & Accessories,Scarves,Square Scarf
Baby Girls,Bags & Accessories,Scarves,Boa Scarf
Baby Girls,Bags & Accessories,Caps & Hats,Army Cap
Baby Girls,Bags & Accessories,Caps & Hats,Fedora Hat
Baby Girls,Bags & Accessories,Sunglasses,Oversized Sunglasses
Baby Girls,Bags & Accessories,Caps & Hats,Panama Hat
Baby Girls,Bags & Accessories,Caps & Hats,Boater Hat
Baby Girls,Bags & Accessories,Scarves,Scarf
Baby Girls,Bags & Accessories,Caps & Hats,Beanie Hat
Baby Girls,Bags & Accessories,Belts,Woven Belt
Baby Girls,Bags & Accessories,Sunglasses,Clubmaster Sunglasses
Baby Girls,Bags & Accessories,Belts,Ratchet Belt
Baby Girls,Bags & Accessories,Caps & Hats,Deerstalker Hat
Baby Girls,Bags & Accessories,Scarves,Pashmina Shawl
Baby Girls,Bags & Accessories,Caps & Hats,Headband Hat
Baby Girls,Bags & Accessories,Scarves,Bandana Scarf
Baby Girls,Bags & Accessories,Scarves,Rectangle Scarf
Baby Girls,Bags & Accessories,Belts,Bling Belt
Baby Girls,Bags & Accessories,Caps & Hats,Fascinator Hat
Baby Girls,Bags & Accessories,Caps & Hats,Boonie Hat
Baby Girls,Bags & Accessories,Caps & Hats,Bucket Hat
Baby Girls,Bags & Accessories,Caps & Hats,Baseball Cap
Baby Girls,Bags & Accessories,Caps & Hats,Beret Hat
Baby Girls,Bags & Accessories,Caps & Hats,Bandana Hat
Baby Girls,Bags & Accessories,Belts,Hip Belt
Baby Girls,Bags & Accessories,Caps & Hats,Visor Cap
Baby Girls,Bags & Accessories,Scarves,Scarf
Baby Girls,Bags & Accessories,Belts,Ribbon Belt
Baby Girls,Bags & Accessories,Sunglasses,Wayfarer Sunglasses
Baby Girls,Bags & Accessories,Gloves & Mittens,Fingerless Gloves
Baby Girls,Bags & Accessories,Caps & Hats,Homburg Hat
Baby Girls,Bags & Accessories,Belts,Chain Belt
Baby Girls,Bags & Accessories,Sunglasses,Sunglasses
Baby Girls,Bags & Accessories,Sunglasses,Round Sunglasses
Baby Girls,Bags & Accessories,Scarves,Snood Scarf
Baby Girls,Bags & Accessories,Caps & Hats,Bobble Hat
Baby Girls,Bags & Accessories,Caps & Hats,Newsboy Cap
Baby Girls,Bags & Accessories,Sunglasses,Rectangular Sunglasses
Baby Girls,Bags & Accessories,Caps & Hats,Taqiyah Hat
Baby Girls,Bags & Accessories,Belts,Studded Belt
Baby Girls,Bags & Accessories,Scarves,Cowl Scarf
Baby Girls,Bags & Accessories,Sunglasses,Oval Sunglasses
Baby Girls,Bags & Accessories,Caps & Hats,Turban Hat
Baby Girls,Bags & Accessories,Sunglasses,Shield Sunglasses
Baby Girls,Bags & Accessories,Sunglasses,Cat Eye Sunglasses
Baby Girls,Bags & Accessories,Belts,Belt
Baby Girls,Bags & Accessories,Sunglasses,Aviator Sunglasses
Baby Girls,Bags & Accessories,Caps & Hats,Top Hat
Baby Girls,Bags & Accessories,Caps & Hats,Snapback Cap
Baby Girls,Bags & Accessories,Caps & Hats,Bowler Hat
Baby Girls,Bags & Accessories,Scarves,Shawl
Baby Girls,Bags & Accessories,Belts,Sash Belt
Baby Girls,Bags & Accessories,Caps & Hats,Cocktail Hat
Baby Girls,Bags & Accessories,Belts,Concho Belt
Baby Girls,Bags & Accessories,Belts,Golf Belt
Baby Girls,Bags & Accessories,Caps & Hats,Hat
Baby Girls,Bags & Accessories,Caps & Hats,Flat Cap
Baby Girls,Bags & Accessories,Caps & Hats,Pillbox Hat
Baby Girls,Bags & Accessories,Scarves,Bandana Scarf
Baby Girls,Bags & Accessories,Sunglasses,Square Sunglasses
Baby Girls,Bags & Accessories,Sunglasses,Butterfly Sunglasses
Baby Girls,Bags & Accessories,Caps & Hats,Trapper Hat
Baby Girls,Bags & Accessories,Caps & Hats,Trilby Hat
Baby Girls,Bags & Accessories,Scarves,Wrap Scarf
Baby Girls,Bags & Accessories,Belts,Corset Belt
Baby Girls,Bags & Accessories,Belts,Waist Belt
Baby Girls,Bags & Accessories,Gloves & Mittens,Gloves
Baby Girls,Bags & Accessories,Caps & Hats,Docker Hat
Baby Girls,Bags & Accessories,Caps & Hats,Cloche Hat
Baby Girls,Bags & Accessories,Scarves,Hijab Shawl
Baby Girls,Bags & Accessories,Caps & Hats,Cossack Hat
Baby Girls,Bags & Accessories,Sunglasses,Sport Sunglasses
Baby Girls,Bags & Accessories,Sunglasses,Geometric Sunglasses
Baby Girls,Bags & Accessories,Scarves,Headscarf
Baby Girls,Bags & Accessories,Belts,Sequin Belt
Baby Girls,Bags & Accessories,Scarves,Stole Scarf
Baby Girls,Shoes,Shoes,Mule Shoes
Baby Girls,Shoes,Shoes,Moccasin Shoes
Baby Girls,Shoes,Shoes,Brogue Boots
Baby Girls,Shoes,Shoes,Slip On Shoes
Baby Girls,Shoes,Shoes,Biker Boots
Baby Girls,Shoes,Shoes,Wellies Boots
Baby Girls,Shoes,Shoes,Espadrille Shoes
Baby Girls,Shoes,Shoes,Shoes
Baby Girls,Shoes,Shoes,Desert Boots
Baby Girls,Shoes,Shoes,Flip Flop Sandals
Baby Girls,Shoes,Shoes,Chelsea Boots
Baby Girls,Shoes,Shoes,High-Hop Trainers
Baby Girls,Shoes,Shoes,Combat Boots
Baby Girls,Shoes,Shoes,Ballet Flat
Baby Girls,Shoes,Shoes,Sandals
Baby Girls,Shoes,Shoes,Knee High Boots
Baby Girls,Shoes,Shoes,Sliders Sandals
Baby Girls,Shoes,Shoes,Cowboy Boots
Baby Girls,Shoes,Shoes,Thong Sandals
Baby Girls,Shoes,Shoes,Boots
Baby Girls,Shoes,Shoes,Flats
Baby Girls,Shoes,Shoes,Snow Boots
Baby Girls,Shoes,Shoes,Wedge Boots
Baby Girls,Shoes,Shoes,Shearling Style Boots
Baby Girls,Shoes,Shoes,Oxford Boots
Baby Girls,Shoes,Shoes,Gladiator Sandals
Baby Girls,Shoes,Shoes,Trainers
Baby Girls,Shoes,Shoes,Boat Shoes
Baby Girls,Shoes,Shoes,Espadrille Shoes
Baby Girls,Clothing,Coats & Jackets,Bomber Jacket
Baby Girls,Clothing,Coats & Jackets,Fleece Gilet
Baby Girls,Clothing,Skirts,Knife Pleated Skirt
Baby Girls,Clothing,"T-Shirts, Tops & Shirts",Pullover Shirt
Baby Girls,Clothing,Dresses,Shift Dress
Baby Girls,Clothing,Jumpers & Cardigans,Hoodie Jumper
Baby Girls,Clothing,Coats & Jackets,Suede Jacket
Baby Girls,Clothing,Skirts,Bubble Skirt
Baby Girls,Clothing,Dresses,Tennis Dress
Baby Girls,Clothing,Dresses,Drop Waist Dress
Baby Girls,Clothing,"T-Shirts, Tops & Shirts",T-Shirt Top
Baby Girls,Clothing,Trousers & Shorts,Casual Trousers
Baby Girls,Clothing,Skirts,Sarong Skirt
Baby Girls,Clothing,Dresses,Empire Dress
Baby Girls,Clothing,Trousers & Shorts,Skinny Jeans
Baby Girls,Clothing,"T-Shirts, Tops & Shirts",Graphic Top Long Sleeve
Baby Girls,Clothing,Coats & Jackets,Raincoat
Baby Girls,Clothing,Skirts,Pencil Skirt
Baby Girls,Clothing,Coats & Jackets,Flight Aviator Jacket
Baby Girls,Clothing,Coats & Jackets,Sherpa Jacket
Baby Girls,Clothing,Jumpers & Cardigans,Sweater
Baby Girls,Clothing,Coats & Jackets,Leather Jacket
Baby Girls,Clothing,Trousers & Shorts,Slim Jeans
Baby Girls,Clothing,Dresses,T-Shirt Dress
Baby Girls,Clothing,Swimwear,Bikini
Baby Girls,Clothing,Coats & Jackets,Trench Coat
Baby Girls,Clothing,Dresses,Mermaid Dress
Baby Girls,Clothing,Skirts,Asymmetrical Skirt
Baby Girls,Clothing,Coats & Jackets,Bolero Jacket
Baby Girls,Clothing,Coats & Jackets,Windbreaker Coat
Baby Girls,Clothing,Skirts,Ruffle Skirt
Baby Girls,Clothing,Coats & Jackets,Duffle Coat
Baby Girls,Clothing,Dresses,Kaftan Dress
Baby Girls,Clothing,Coats & Jackets,Reversible Gilet
Baby Girls,Clothing,Dresses,Peplum Dress
Baby Girls,Clothing,Swimwear,Swimming Shorts
Baby Girls,Clothing,Coats & Jackets,Blazer Jacket
Baby Girls,Clothing,"T-Shirts, Tops & Shirts",Overshirt
Baby Girls,Clothing,Skirts,Circle Skirt
Baby Girls,Clothing,Skirts,Tulip Skirt
Baby Girls,Clothing,Dresses,Strapless Dress
Baby Girls,Clothing,Dresses,Denim Dress
Baby Girls,Clothing,Trousers & Shorts,Chino Shorts
Baby Girls,Clothing,Jumpers & Cardigans,Crew Neck Jumper Sweater
Baby Girls,Clothing,Dresses,Pinafore Dress
Baby Girls,Clothing,Dresses,Halter Dress
Baby Girls,Clothing,"T-Shirts, Tops & Shirts",Wrap Shirt
Baby Girls,Clothing,Skirts,Wrap Skirt
Baby Girls,Clothing,Trousers & Shorts,Windbreaker Trousers
Baby Girls,Clothing,Skirts,Flared Skirt
Baby Girls,Clothing,Skirts,Mermaid Skirt
Baby Girls,Clothing,Trousers & Shorts,Corduroy Shorts
Baby Girls,Clothing,"T-Shirts, Tops & Shirts",Pullover Tracksuit Top
Baby Girls,Clothing,Dresses,Princess Dress
Baby Girls,Clothing,"T-Shirts, Tops & Shirts",Tracksuit Top
Baby Girls,Clothing,"T-Shirts, Tops & Shirts",Shirt
Baby Girls,Clothing,Skirts,Mini Skirt
Baby Girls,Clothing,Dresses,Dress
Baby Girls,Clothing,Trousers & Shorts,Suit Trousers
Baby Girls,Clothing,Dresses,Dungaree Dress
Baby Girls,Clothing,"T-Shirts, Tops & Shirts",Graphic Vest Top
Baby Girls,Clothing,Skirts,Gypsy Skirt
Baby Girls,Clothing,Jumpers & Cardigans,Turtle Neck Jumper Sweater
Baby Girls,Clothing,Dresses,Sundress
Baby Girls,Clothing,"T-Shirts, Tops & Shirts",Graphic T-Shirt Top
Baby Girls,Clothing,Skirts,Midi Skirt
Baby Girls,Clothing,Coats & Jackets,Harrington Jacket
Baby Girls,Clothing,Dresses,Shirt Dress
Baby Girls,Clothing,Coats & Jackets,Denim Jacket
Baby Girls,Clothing,Trousers & Shorts,Bermuda Shorts
Baby Girls,Clothing,Dresses,A-Line Dress
Baby Girls,Clothing,Coats & Jackets,Corduroy Jacket
Baby Girls,Clothing,"T-Shirts, Tops & Shirts",Formal Shirt
Baby Girls,Clothing,Trousers & Shorts,Sport Shorts
Baby Girls,Clothing,Trousers & Shorts,Shorts
Baby Girls,Clothing,Dresses,Apron Dress
Baby Girls,Clothing,Jumpers & Cardigans,Polo Neck Jumper Sweater
Baby Girls,Clothing,Trousers & Shorts,Cargo Trousers
Baby Girls,Clothing,Jumpers & Cardigans,Boat Neck Jumper Sweater
Baby Girls,Clothing,Skirts,A-Line Skirt
Baby Girls,Clothing,Dresses,Bodycon Dress
Baby Girls,Clothing,Skirts,Trumpet Skirt
Baby Girls,Clothing,Coats & Jackets,Waterproof Jacket
Baby Girls,Clothing,Jumpers & Cardigans,Sweatshirt Jumper
Baby Girls,Clothing,Coats & Jackets,Parka Jacket
Baby Girls,Clothing,Coats & Jackets,Varsity Jacket
Baby Girls,Clothing,Dresses,Off Shoulder Dress
Baby Girls,Clothing,Dresses,Qi-Pao Dress
Baby Girls,Clothing,"T-Shirts, Tops & Shirts",Rugby Polo Shirt
Baby Girls,Clothing,Coats & Jackets,Denim Gilet
Baby Girls,Clothing,Skirts,Skirt
Baby Girls,Clothing,Coats & Jackets,Utility Jacket
Baby Girls,Clothing,Trousers & Shorts,Bootcut Jeans
Baby Girls,Clothing,Coats & Jackets,Quilted Gilet
Baby Girls,Clothing,Jumpers & Cardigans,Cardigan Sweater
Baby Girls,Clothing,Coats & Jackets,Anorak Jacket
Baby Girls,Clothing,"T-Shirts, Tops & Shirts",Vest Top
Baby Girls,Clothing,Coats & Jackets,Leather Coat
Baby Girls,Clothing,Jumpers & Cardigans,Shawl Neck Jumper Sweater
Baby Girls,Clothing,"T-Shirts, Tops & Shirts",Graphic Top 3/4 Sleeve
Baby Girls,Clothing,Coats & Jackets,Overcoat
Baby Girls,Clothing,Coats & Jackets,Duffle Jacket
Baby Girls,Clothing,Playsuits,Playsuit
Baby Girls,Clothing,Coats & Jackets,Denim Coat
Baby Girls,Clothing,Jumpers & Cardigans,Jumper
Baby Girls,Clothing,Dresses,Slip Dress
Baby Girls,Clothing,Coats & Jackets,Padded Gilet
Baby Girls,Clothing,"T-Shirts, Tops & Shirts",Top Long Sleeve
Baby Girls,Clothing,Trousers & Shorts,Waterproof Trousers
Baby Girls,Clothing,Dresses,Maxi Dress
Baby Girls,Clothing,"T-Shirts, Tops & Shirts",Tuxedo Shirt
Baby Girls,Clothing,Skirts,Denim Skirt
Baby Girls,Clothing,Skirts,Circular Skirt
Baby Girls,Clothing,Coats & Jackets,MA-1 Flight Jacket
Baby Girls,Clothing,Coats & Jackets,Racer Jacket
Baby Girls,Clothing,Coats & Jackets,Waxed Cotton Jacket
Baby Girls,Clothing,Coats & Jackets,Capelet Coat
Baby Girls,Clothing,Trousers & Shorts,Cropped Jeans
Baby Girls,Clothing,Skirts,Cargo Skirt
Baby Girls,Clothing,Trousers & Shorts,Trousers
Baby Girls,Clothing,"T-Shirts, Tops & Shirts",Jersey Top
Baby Girls,Clothing,Dresses,Pouf Dress
Baby Girls,Clothing,Coats & Jackets,Padded Coat
Baby Girls,Clothing,Trousers & Shorts,Casual Shorts
Baby Girls,Clothing,Coats & Jackets,Military Jacket
Baby Girls,Clothing,Dresses,Swing Dress
Baby Girls,Clothing,Dresses,Tutu Dress
Baby Girls,Clothing,Trousers & Shorts,Corduroy Trousers
Baby Girls,Clothing,Skirts,Pleated Skirt
Baby Girls,Clothing,"T-Shirts, Tops & Shirts",Top Long Sleeve
Baby Girls,Clothing,Coats & Jackets,Corduroy Coat
Baby Girls,Clothing,Dresses,Tent Dress
Baby Girls,Clothing,Coats & Jackets,Leather Gilet
Baby Girls,Clothing,Coats & Jackets,Princess Coat
Baby Girls,Clothing,"T-Shirts, Tops & Shirts",Top 3/4 Sleeve
Baby Girls,Clothing,Playsuits,Jumpsuit
Baby Girls,Clothing,Dresses,Bubble Dress
Baby Girls,Clothing,Trousers & Shorts,Denim Shorts
Baby Girls,Clothing,Dresses,Wrap Dress
Baby Girls,Clothing,Dresses,Tunic Dress
Baby Girls,Clothing,"T-Shirts, Tops & Shirts",Jersey Top
Baby Girls,Clothing,Trousers & Shorts,Cargo Shorts
Baby Girls,Clothing,Trousers & Shorts,Cropped Trousers
Baby Girls,Clothing,Coats & Jackets,Rain Jacket
Baby Girls,Clothing,Coats & Jackets,Poncho Coat
Baby Girls,Clothing,Jumpers & Cardigans,Zip Hoodie Sweater
Baby Girls,Clothing,Coats & Jackets,Corduroy Gilet
Baby Girls,Clothing,Skirts,Tutu Skirt
Baby Girls,Clothing,Skirts,Tiered Skirt
Baby Girls,Clothing,Coats & Jackets,Fleece Jacket
Baby Girls,Clothing,"T-Shirts, Tops & Shirts",Denim Shirt
Baby Girls,Clothing,Skirts,Straight Skirt
Baby Girls,Clothing,Coats & Jackets,Cape Coat
Baby Girls,Clothing,"T-Shirts, Tops & Shirts",Ruffle Front Shirt
Baby Girls,Clothing,Coats & Jackets,Shearling Jacket
Baby Girls,Clothing,Dresses,Jumper Dress
Baby Girls,Clothing,Playsuits,Bodysuit
Baby Girls,Clothing,Dresses,Sheath Dress
Baby Girls,Clothing,Dresses,Charleston Dress
Baby Girls,Clothing,Skirts,Corduroy Skirt
Baby Girls,Clothing,Trousers & Shorts,Capri Trousers
Baby Girls,Clothing,Coats & Jackets,Gilet
Baby Girls,Clothing,Dresses,Polo Dress
Baby Girls,Clothing,Skirts,Maxi Skirt
Baby Girls,Clothing,Dresses,Tiered Dress
Baby Girls,Clothing,Coats & Jackets,Kimono Jacket
Baby Girls,Clothing,"T-Shirts, Tops & Shirts",Flannel Shirt
Baby Girls,Clothing,"T-Shirts, Tops & Shirts",Polo Shirt
Baby Girls,Clothing,Coats & Jackets,Chesterfield Coat
Baby Girls,Clothing,Jumpers & Cardigans,Roll Neck Jumper Sweater
Baby Girls,Clothing,Dresses,Pencil Dress
Baby Girls,Clothing,Coats & Jackets,Utility Gilet
Baby Girls,Clothing,Coats & Jackets,Biker Jacket
Baby Girls,Clothing,Swimwear,Swimwear
Baby Girls,Clothing,Jumpers & Cardigans,Button Neck Jumper Sweater
Baby Girls,Clothing,Skirts,Peplum Skirt
Baby Girls,Clothing,Coats & Jackets,Double Breasted Coat
Baby Girls,Clothing,"T-Shirts, Tops & Shirts",Top
Baby Girls,Clothing,Jumpers & Cardigans,Vest Tank Top
Baby Girls,Clothing,Dresses,Tea Dress
Baby Girls,Clothing,Dresses,One Shoulder Dress
Baby Girls,Clothing,Dresses,Asymmetrical Dress
Baby Girls,Clothing,Coats & Jackets,Pea Coat
Baby Girls,Clothing,Trousers & Shorts,Straight Jeans
Baby Girls,Clothing,Coats & Jackets,Quilted Jacket
Baby Girls,Clothing,Dresses,Basic Dress
Baby Girls,Clothing,Coats & Jackets,Windbreaker Jacket
Baby Girls,Clothing,Jumpers & Cardigans,V-Neck Jumper Sweater
Baby Girls,Clothing,Trousers & Shorts,Dungarees Trousers
Baby Girls,Clothing,Coats & Jackets,Reversible Jacket
Baby Girls,Clothing,Trousers & Shorts,Chino Trousers
Baby Girls,Clothing,Dresses,Corset Dress
Baby Girls,Clothing,Jumpers & Cardigans,Zip Neck Jumper Sweater
Boys,Clothing,"T-Shirts, Tops & Shirts",Top
Boys,Clothing,Trousers,Dungarees Trousers
Boys,Clothing,"Coats, Jackets & Snowsuits",Raincoat
Boys,Clothing,Activewear Jackets,Ski Jacket
Boys,Clothing,Trousers,Capri Trousers
Boys,Clothing,Activewear Tops,T-Shirt Top
Boys,Clothing,Trousers,Corduroy Trousers
Boys,Clothing,Activewear Tops,Top Long Sleeve
Boys,Clothing,Playsuits,Bodysuit
Boys,Clothing,Jumpers & Cardigans,Shawl Neck Jumper Sweater
Boys,Clothing,Jumpers & Cardigans,Roll Neck Jumper Sweater
Boys,Clothing,"Coats, Jackets & Snowsuits",Fleece Jacket
Boys,Clothing,"Coats, Jackets & Snowsuits",Quilted Jacket
Boys,Clothing,"T-Shirts, Tops & Shirts",Denim Shirt
Boys,Clothing,Jeans,Cropped Jeans
Boys,Clothing,"Coats, Jackets & Snowsuits",Sherpa Jacket
Boys,Clothing,Shorts,Cargo Shorts
Boys,Clothing,"Coats, Jackets & Snowsuits",Corduroy Gilet
Boys,Clothing,Trousers,Casual Trousers
Boys,Clothing,Jeans,Capri Jeans
Boys,Clothing,Hoodies,Hoodie Jumper
Boys,Clothing,"T-Shirts, Tops & Shirts",Formal Shirt
Boys,Clothing,Jeans,Jegging Jeans
Boys,Clothing,Jeans,Wide Leg Jeans
Boys,Clothing,Activewear Tops,Graphic Vest Top
Boys,Clothing,Shorts,Casual Shorts
Boys,Clothing,"Coats, Jackets & Snowsuits",Capelet Coat
Boys,Clothing,Jeans,Drop Crotch Jeans
Boys,Clothing,"Coats, Jackets & Snowsuits",Flight Aviator Jacket
Boys,Clothing,"T-Shirts, Tops & Shirts",Rugby Polo Shirt
Boys,Clothing,Activewear Trousers,Windbreaker Trousers
Boys,Clothing,Activewear Tops,Tracksuit Top
Boys,Clothing,"Coats, Jackets & Snowsuits",Corduroy Coat
Boys,Clothing,"Coats, Jackets & Snowsuits",Windbreaker Coat
Boys,Clothing,"Coats, Jackets & Snowsuits",Shearling Jacket
Boys,Clothing,Activewear Shorts,Sport Shorts
Boys,Clothing,Jumpers & Cardigans,Cardigan Sweater
Boys,Clothing,"Coats, Jackets & Snowsuits",Jacket
Boys,Clothing,Shorts,Denim Shorts
Boys,Clothing,"Coats, Jackets & Snowsuits",Utility Jacket
Boys,Clothing,Tracksuits & Sets,Playsuit
Boys,Clothing,Shirts,Formal Shirt
Boys,Clothing,"Coats, Jackets & Snowsuits",Suede Jacket
Boys,Clothing,Jumpers & Cardigans,Polo Neck Jumper Sweater
Boys,Clothing,"Coats, Jackets & Snowsuits",MA-1 Flight Jacket
Boys,Clothing,"T-Shirts, Tops & Shirts",Pullover Shirt
Boys,Clothing,Playsuits,Jumpsuit
Boys,Clothing,Activewear Tops,Graphic Top 3/4 Sleeve
Boys,Clothing,Jumpers & Cardigans,Zip Neck Jumper Sweater
Boys,Clothing,"Coats, Jackets & Snowsuits",Racer Jacket
Boys,Clothing,Jumpers & Cardigans,Crew Neck Jumper Sweater
Boys,Clothing,Trousers,Trousers
Boys,Clothing,"Coats, Jackets & Snowsuits",Biker Jacket
Boys,Clothing,"Coats, Jackets & Snowsuits",Corduroy Jacket
Boys,Clothing,Jumpers & Cardigans,Vest Tank Top
Boys,Clothing,"T-Shirts, Tops & Shirts",Polo Shirt
Boys,Clothing,Tracksuits & Sets,Bodysuit
Boys,Clothing,Polo Shirts,Polo Shirt
Boys,Clothing,"T-Shirts, Tops & Shirts",Graphic T-Shirt Top
Boys,Clothing,"Coats, Jackets & Snowsuits",Coat
Boys,Clothing,"Coats, Jackets & Snowsuits",Anorak Jacket
Boys,Clothing,"Coats, Jackets & Snowsuits",Padded Gilet
Boys,Clothing,"Coats, Jackets & Snowsuits",Parka Jacket
Boys,Clothing,Jeans,Loose Jeans
Boys,Clothing,Shorts,Bermuda Shorts
Boys,Clothing,Jeans,Slim Jeans
Boys,Clothing,"Coats, Jackets & Snowsuits",Waxed Cotton Jacket
Boys,Clothing,"Coats, Jackets & Snowsuits",Duffle Coat
Boys,Clothing,Tracksuits & Sets,Jumpsuit
Boys,Clothing,Trousers,Windbreaker Trousers
Boys,Clothing,Suits & Tailoring,2 Piece Set
Boys,Clothing,"T-Shirts, Tops & Shirts",Tuxedo Shirt
Boys,Clothing,Activewear Trousers,Tracksuit Trousers Joggers
Boys,Clothing,"Coats, Jackets & Snowsuits",Trench Coat
Boys,Clothing,"T-Shirts, Tops & Shirts",T-Shirt Top
Boys,Clothing,"T-Shirts, Tops & Shirts",Graphic Top 3/4 Sleeve
Boys,Clothing,Playsuits,Playsuit
Boys,Clothing,Activewear Tops,Vest Top
Boys,Clothing,"Coats, Jackets & Snowsuits",Denim Gilet
Boys,Clothing,Jumpers & Cardigans,Jumper
Boys,Clothing,"T-Shirts, Tops & Shirts",Overshirt
Boys,Clothing,"T-Shirts, Tops & Shirts",Top Long Sleeve
Boys,Clothing,Jumpers & Cardigans,Sweater
Boys,Clothing,Shirts,Denim Shirt
Boys,Clothing,"Coats, Jackets & Snowsuits",Pea Coat
Boys,Clothing,Trousers,Waterproof Trousers
Boys,Clothing,"Coats, Jackets & Snowsuits",Harrington Jacket
Boys,Clothing,"Coats, Jackets & Snowsuits",Padded Coat
Boys,Clothing,Jeans,Jeans
Boys,Clothing,Swimwear,Swimwear
Boys,Clothing,"Coats, Jackets & Snowsuits",Poncho Coat
Boys,Clothing,"Coats, Jackets & Snowsuits",Cape Coat
Boys,Clothing,"T-Shirts, Tops & Shirts",Graphic Vest Top
Boys,Clothing,Shirts,Flannel Shirt
Boys,Clothing,"Coats, Jackets & Snowsuits",Fleece Gilet
Boys,Clothing,"Coats, Jackets & Snowsuits",Blazer Jacket
Boys,Clothing,"Coats, Jackets & Snowsuits",Reversible Gilet
Boys,Clothing,Activewear Tops,Pullover Tracksuit Top
Boys,Clothing,"Coats, Jackets & Snowsuits",Duffle Jacket
Boys,Clothing,Activewear Jackets,Tracksuit Top Jacket
Boys,Clothing,"Coats, Jackets & Snowsuits",Military Jacket
Boys,Clothing,"Coats, Jackets & Snowsuits",Leather Coat
Boys,Clothing,Jeans,Flared Jeans
Boys,Clothing,Tracksuits & Sets,Full Tracksuit
Boys,Clothing,Jeans,Low Waist Jeans
Boys,Clothing,Jeans,Bootcut Jeans
Boys,Clothing,"T-Shirts, Tops & Shirts",Jersey Top
Boys,Clothing,"Coats, Jackets & Snowsuits",Denim Coat
Boys,Clothing,"Coats, Jackets & Snowsuits",Rain Jacket
Boys,Clothing,"T-Shirts, Tops & Shirts",Ruffle Front Shirt
Boys,Clothing,"Coats, Jackets & Snowsuits",Quilted Gilet
Boys,Clothing,Activewear Trousers,Tracksuit Trousers
Boys,Clothing,Jeans,Tapered Jeans
Boys,Clothing,Activewear Tops,Top 3/4 Sleeve
Boys,Clothing,Shirts,Shirt
Boys,Clothing,Jumpers & Cardigans,Button Neck Jumper Sweater
Boys,Clothing,"T-Shirts, Tops & Shirts",Top 3/4 Sleeve
Boys,Clothing,Trousers,Chino Trousers
Boys,Clothing,Jeans,Skinny Jeans
Boys,Clothing,"T-Shirts, Tops & Shirts",Jersey Top
Boys,Clothing,Jeans,Straight Jeans
Boys,Clothing,"Coats, Jackets & Snowsuits",Reversible Jacket
Boys,Clothing,Activewear Tops,Jersey Top
Boys,Clothing,"Coats, Jackets & Snowsuits",Windbreaker Jacket
Boys,Clothing,"Coats, Jackets & Snowsuits",Gilet
Boys,Clothing,"Coats, Jackets & Snowsuits",Double Breasted Coat
Boys,Clothing,Hoodies,Zip Hoodie Sweater
Boys,Clothing,"T-Shirts, Tops & Shirts",Shirt
Boys,Clothing,"Coats, Jackets & Snowsuits",Padded Jacket
Boys,Clothing,Jumpers & Cardigans,Boat Neck Jumper Sweater
Boys,Clothing,"T-Shirts, Tops & Shirts",Tracksuit Top
Boys,Clothing,Activewear Trousers,Ski Trousers
Boys,Clothing,Shorts,Chino Shorts
Boys,Clothing,Suits & Tailoring,2 Piece Suit
Boys,Clothing,"Coats, Jackets & Snowsuits",Utility Gilet
Boys,Clothing,"Coats, Jackets & Snowsuits",Leather Jacket
Boys,Clothing,Activewear Tops,Graphic T-Shirt Top
Boys,Clothing,Hoodies,Sweatshirt Jumper
Boys,Clothing,Activewear Trousers,Waterproof Trousers
Boys,Clothing,Jumpers & Cardigans,Fleece Jumper
Boys,Clothing,Waistcoats,Waistcoat
Boys,Clothing,Trousers,Suit Trousers
Boys,Clothing,Swimwear,Swimming Shorts
Boys,Clothing,Activewear Trousers,Trousers
Boys,Clothing,Trousers,Cropped Trousers
Boys,Clothing,Shirts,Tuxedo Shirt
Boys,Clothing,Tracksuits & Sets,2 Piece Set
Boys,Clothing,Jumpers & Cardigans,V-Neck Jumper Sweater
Boys,Clothing,"T-Shirts, Tops & Shirts",Graphic Top Long Sleeve
Boys,Clothing,Activewear Trousers,Leggings
Boys,Clothing,Shorts,Shorts
Boys,Clothing,Trousers,Cargo Trousers
Boys,Clothing,Jeans,High Waist Jeans
Boys,Clothing,"Coats, Jackets & Snowsuits",Waterproof Jacket
Boys,Clothing,Shirts,Military Shirt
Boys,Clothing,"Coats, Jackets & Snowsuits",Overcoat
Boys,Clothing,"T-Shirts, Tops & Shirts",Wrap Shirt
Boys,Clothing,Shorts,Corduroy Shorts
Boys,Clothing,Tracksuits & Sets,Ski Jumpsuit
Boys,Clothing,"Coats, Jackets & Snowsuits",Varsity Jacket
Boys,Clothing,"Coats, Jackets & Snowsuits",Leather Gilet
Boys,Clothing,Shirts,Ruffle Front Shirt
Boys,Clothing,"T-Shirts, Tops & Shirts",Top Long Sleeve
Boys,Clothing,Shirts,Pullover Shirt
Boys,Clothing,"T-Shirts, Tops & Shirts",Vest Top
Boys,Clothing,"Coats, Jackets & Snowsuits",Bomber Jacket
Boys,Clothing,"T-Shirts, Tops & Shirts",Pullover Tracksuit Top
Boys,Clothing,Activewear Tops,Top
Boys,Clothing,Activewear Tops,Graphic Top Long Sleeve
Boys,Clothing,"Coats, Jackets & Snowsuits",Bolero Jacket
Boys,Clothing,Polo Shirts,Rugby Polo Shirt
Boys,Clothing,"T-Shirts, Tops & Shirts",Flannel Shirt
Boys,Clothing,Jumpers & Cardigans,Turtle Neck Jumper Sweater
Boys,Clothing,"Coats, Jackets & Snowsuits",Chesterfield Coat
Boys,Clothing,Activewear Tops,Top Long Sleeve
Boys,Clothing,"Coats, Jackets & Snowsuits",Denim Jacket
Boys,Shoes,Formal Shoes,Derby Shoes
Boys,Shoes,Casual Shoes,Shoes
Boys,Shoes,Boots,Wellies Boots
Boys,Shoes,Sandals & Beach Shoes,Thong Sandals
Boys,Shoes,Boots,Desert Boots
Boys,Shoes,Boots,Wedge Boots
Boys,Shoes,Casual Shoes,Mule Shoes
Boys,Shoes,Sandals & Beach Shoes,Sliders Sandals
Boys,Shoes,Casual Shoes,Flats
Boys,Shoes,Formal Shoes,Loafer Shoes
Boys,Shoes,Boots,Shearling Style Boots
Boys,Shoes,Formal Shoes,Brogue Shoes
Boys,Shoes,Casual Shoes,Ballet Flat
Boys,Shoes,Formal Shoes,Shoes
Boys,Shoes,Boots,Boots
Boys,Shoes,Trainers,Trainers
Boys,Shoes,Casual Shoes,Boat Shoes
Boys,Shoes,Boots,Cowboy Boots
Boys,Shoes,Boots,Biker Boots
Boys,Shoes,Boots,Combat Boots
Boys,Shoes,Sandals & Beach Shoes,Gladiator Sandals
Boys,Shoes,Boots,Chelsea Boots
Boys,Shoes,Casual Shoes,Moccasin Shoes
Boys,Shoes,Boots,Snow Boots
Boys,Shoes,Boots,Oxford Boots
Boys,Shoes,Casual Shoes,Slip On Shoes
Boys,Shoes,Casual Shoes,Espadrille Shoes
Boys,Shoes,Casual Shoes,Espadrille Shoes
Boys,Shoes,Formal Shoes,Oxford Shoes
Boys,Shoes,Formal Shoes,Monk Shoes
Boys,Shoes,Sandals & Beach Shoes,Sandals
Boys,Shoes,Boots,Knee High Boots
Boys,Shoes,Sandals & Beach Shoes,Flip Flop Sandals
Boys,Shoes,Trainers,High-Hop Trainers
Boys,Bags & Accessories,Gloves & Mittens,Fingerless Gloves
Boys,Bags & Accessories,Scarves,Headscarf
Boys,Shoes,Boots,Brogue Boots
Boys,Bags & Accessories,Hats,Snapback Cap
Boys,Bags & Accessories,Scarves,Shawl
Boys,Bags & Accessories,Belts,Mesh Belt
Boys,Bags & Accessories,Hats,Turban Hat
Boys,Bags & Accessories,Bags,Bag
Boys,Bags & Accessories,Bags,Shopper Bag
Boys,Bags & Accessories,Umbrellas,Folding Umbrella
Boys,Bags & Accessories,Scarves,Scarf
Boys,Bags & Accessories,Bags,Waist Bag
Boys,Bags & Accessories,Hats,Army Cap
Boys,Bags & Accessories,Scarves,Stole Scarf
Boys,Bags & Accessories,Hats,Beanie Cap
Boys,Bags & Accessories,Hats,Cossack Hat
Boys,Bags & Accessories,Sunglasses & Eyewear,Sport Sunglasses
Boys,Bags & Accessories,Sunglasses & Eyewear,Shield Sunglasses
Boys,Bags & Accessories,Umbrellas,Umbrella
Boys,Bags & Accessories,Hats,Trilby Hat
Boys,Bags & Accessories,Bags,Gym Bag
Boys,Bags & Accessories,Hats,Newsboy Cap
Boys,Bags & Accessories,Sunglasses & Eyewear,Round Sunglasses
Boys,Bags & Accessories,Sunglasses & Eyewear,Rectangular Sunglasses
Boys,Bags & Accessories,Hats,Hat
Boys,Bags & Accessories,Bags,Flap Bag
Boys,Bags & Accessories,Bags,Laptop Bag
Boys,Bags & Accessories,Belts,Ratchet Belt
Boys,Bags & Accessories,Hats,Boonie Hat
Boys,Bags & Accessories,Belts,Corset Belt
Boys,Bags & Accessories,Hats,Deerstalker Hat
Boys,Bags & Accessories,Bags,Baguette Bag
Boys,Bags & Accessories,Sunglasses & Eyewear,Square Glasses
Boys,Bags & Accessories,Bags,Saddle Bag
Boys,Bags & Accessories,Scarves,Rectangle Scarf
Boys,Bags & Accessories,Belts,Belt
Boys,Bags & Accessories,Hats,Trapper Hat
Boys,Bags & Accessories,Sunglasses & Eyewear,Round Glasses
Boys,Bags & Accessories,Hats,Pillbox Hat
Boys,Bags & Accessories,Scarves,Cowl Scarf
Boys,Bags & Accessories,Hats,Top Hat
Boys,Bags & Accessories,Bags,Briefcase Bag
Boys,Bags & Accessories,Wallets,Wallet
Boys,Bags & Accessories,Hats,Baseball Cap
Boys,Bags & Accessories,Hats,Beret Hat
Boys,Bags & Accessories,Belts,Sequin Belt
Boys,Bags & Accessories,Bags,Crossbody bag
Boys,Bags & Accessories,Sunglasses & Eyewear,Wayfarer Sunglasses
Boys,Bags & Accessories,Scarves,Bandana Scarf
Boys,Bags & Accessories,Bags,Backpack
Boys,Bags & Accessories,Bags,Duffle Bag
Boys,Bags & Accessories,Scarves,Bandana Scarf
Boys,Bags & Accessories,Hats,Panama Hat
Boys,Bags & Accessories,Sunglasses & Eyewear,Square Sunglasses
Boys,Bags & Accessories,Scarves,Snood Scarf
Boys,Bags & Accessories,Sunglasses & Eyewear,Cat Eye Sunglasses
Boys,Bags & Accessories,Hats,Bandana Hat
Boys,Bags & Accessories,Sunglasses & Eyewear,Sunglasses
Boys,Bags & Accessories,Bags,Barrel Bag
Boys,Bags & Accessories,Hats,Beanie Hat
Boys,Bags & Accessories,Hats,Bucket Hat
Boys,Bags & Accessories,Umbrellas,Walking Stick Umbrella
Boys,Bags & Accessories,Hats,Bobble Hat
Boys,Bags & Accessories,Scarves,Wrap Scarf
Boys,Bags & Accessories,Belts,Military Belt
Boys,Bags & Accessories,Belts,Western Belt
Boys,Bags & Accessories,Gloves & Mittens,Mitten Gloves
Boys,Bags & Accessories,"Ties, Bow Ties & Cravats",Bow Tie
Boys,Bags & Accessories,Belts,Studded Belt
Boys,Bags & Accessories,Sunglasses & Eyewear,Oval Sunglasses
Boys,Bags & Accessories,Hats,Visor Cap
Boys,Bags & Accessories,Bags,Messenger Bag
Boys,Bags & Accessories,Sunglasses & Eyewear,Oversized Sunglasses
Boys,Bags & Accessories,"Ties, Bow Ties & Cravats",Cravat
Boys,Bags & Accessories,Belts,Tie Belt
Boys,Bags & Accessories,Bags,Hobo Bag
Boys,Bags & Accessories,Hats,Cocktail Hat
Boys,Bags & Accessories,Bags,Messenger Bag
Boys,Bags & Accessories,Bags,Duffle Bag
Boys,Bags & Accessories,Bags,Shoulder Bag
Boys,Bags & Accessories,"Ties, Bow Ties & Cravats",Tie
Boys,Bags & Accessories,Umbrellas,Pagoda Umbrella
Boys,Bags & Accessories,Bags,Backpack
Boys,Bags & Accessories,Belts,Woven Belt
Boys,Bags & Accessories,Belts,Golf Belt
Boys,Bags & Accessories,Bags,Satchel Bag
Boys,Bags & Accessories,Hats,Bowler Hat
Boys,Bags & Accessories,Gloves & Mittens,Gloves
Boys,Bags & Accessories,Hats,Headband Hat
Boys,Bags & Accessories,Hats,Homburg Hat
Boys,Bags & Accessories,Bags,Briefcase Bag
Boys,Bags & Accessories,Bags,Bum Bag
Boys,Bags & Accessories,Belts,Ribbon Belt
Boys,Bags & Accessories,Umbrellas,Parasol Umbrella
Boys,Bags & Accessories,Sunglasses & Eyewear,Glasses
Boys,Bags & Accessories,Hats,Taqiyah Hat
Boys,Bags & Accessories,Sunglasses & Eyewear,Aviator Sunglasses
Boys,Bags & Accessories,Hats,Boater Hat
Boys,Bags & Accessories,Scarves,Poncho Shawl
Boys,Bags & Accessories,Umbrellas,Mini Umbrella
Boys,Bags & Accessories,Bags,Shoulder Bag
Boys,Bags & Accessories,Scarves,Boa Scarf
Boys,Bags & Accessories,Bags,Frame Bag
Boys,Bags & Accessories,Bags,Waist Bag
Boys,Bags & Accessories,Hats,Docker Hat
Boys,Bags & Accessories,Scarves,Pashmina Shawl
Boys,Bags & Accessories,Umbrellas,Classic Umbrella
Boys,Bags & Accessories,Umbrellas,Golf Umbrella
Boys,Bags & Accessories,Belts,Hip Belt
Boys,Bags & Accessories,Bags,Gym Bag
Boys,Bags & Accessories,Belts,Chain Belt
Boys,Bags & Accessories,Scarves,Hijab Shawl
Boys,Bags & Accessories,Hats,Cowboy Hat
Boys,Bags & Accessories,Scarves,Cowl Scarf
Boys,Bags & Accessories,Sunglasses & Eyewear,Rectangular Glasses
Boys,Bags & Accessories,Wallets,Card Wallet
Boys,Bags & Accessories,Hats,Flat Cap
Boys,Bags & Accessories,Belts,Waist Belt
Boys,Bags & Accessories,Hats,Fascinator Hat
Boys,Bags & Accessories,Hats,Fedora Hat
Boys,Bags & Accessories,Bags,Tote Bag
Boys,Bags & Accessories,Belts,Concho Belt
Boys,Bags & Accessories,Bags,Bucket Bag
Boys,Bags & Accessories,Bags,Barrel Bag
Boys,Bags & Accessories,Scarves,Square Scarf
Boys,Bags & Accessories,Belts,Dress Belt
Boys,Bags & Accessories,Belts,Sash Belt
Boys,Bags & Accessories,Sunglasses & Eyewear,Clubmaster Sunglasses
Boys,Bags & Accessories,Hats,Cap
Boys,Bags & Accessories,Sunglasses & Eyewear,Butterfly Sunglasses
Boys,Bags & Accessories,Bags,Bum Bag
Boys,Bags & Accessories,Umbrellas,Compact Umbrella
Boys,Bags & Accessories,Hats,Trucker Cap
Boys,Bags & Accessories,Umbrellas,Standard Umbrella
Boys,Bags & Accessories,Sunglasses & Eyewear,Oval Glasses
Boys,Bags & Accessories,Sunglasses & Eyewear,Geometric Sunglasses
Boys,Bags & Accessories,Bags,Crossbody Bag
Boys,Bags & Accessories,Hats,Cloche Hat
Boys,Bags & Accessories,Belts,Bling Belt
Boys,Bags & Accessories,Bags,Satchel Bag
Boys,Bags & Accessories,Scarves,Scarf
Mens,Bags & Accessories,Scarves,Boa Scarf
Mens,Bags & Accessories,Scarves,Scarf
Mens,Bags & Accessories,Hats,Visor Cap
Mens,Bags & Accessories,Bags,Satchel Bag
Mens,Bags & Accessories,Hats,Boonie Hat
Mens,Bags & Accessories,Gloves & Mittens,Mitten Gloves
Mens,Bags & Accessories,Umbrellas,Umbrella
Mens,Bags & Accessories,Hats,Panama Hat
Mens,Bags & Accessories,Sunglasses,Oval Sunglasses
Mens,Bags & Accessories,Bags,Briefcase Bag
Mens,Bags & Accessories,Bags,Barrel Bag
Mens,Bags & Accessories,Belts,Golf Belt
Mens,Bags & Accessories,Belts,Dress Belt
Mens,Bags & Accessories,Bags,Shopper Bag
Mens,Bags & Accessories,Scarves,Poncho Shawl
Mens,Bags & Accessories,Gloves & Mittens,Fingerless Gloves
Mens,Bags & Accessories,Bags,Backpack
Mens,Bags & Accessories,Hats,Army Cap
Mens,Bags & Accessories,Bags,Duffle Bag
Mens,Bags & Accessories,Sunglasses,Wayfarer Sunglasses
Mens,Bags & Accessories,Bags,Barrel Bag
Mens,Bags & Accessories,Clear Glasses,Square Glasses
Mens,Bags & Accessories,Bags,Satchel Bag
Mens,Bags & Accessories,Sunglasses,Clubmaster Sunglasses
Mens,Bags & Accessories,Belts,Tie Belt
Mens,Bags & Accessories,Bags,Laptop Bag
Mens,Bags & Accessories,Umbrellas,Golf Umbrella
Mens,Bags & Accessories,Bags,Shoulder Bag
Mens,Bags & Accessories,Bags,Briefcase Bag
Mens,Bags & Accessories,Bags,Frame Bag
Mens,Bags & Accessories,Bags,Bum Bag
Mens,Bags & Accessories,Hats,Snapback Cap
Mens,Bags & Accessories,Hats,Trapper Hat
Mens,Bags & Accessories,Hats,Newsboy Cap
Mens,Bags & Accessories,Hats,Turban Hat
Mens,Bags & Accessories,Hats,Cossack Hat
Mens,Bags & Accessories,Scarves,Headscarf
Mens,Bags & Accessories,Hats,Pillbox Hat
Mens,Bags & Accessories,Scarves,Snood Scarf
Mens,Bags & Accessories,Bags,Gym Bag
Mens,Bags & Accessories,Bags,Duffle Bag
Mens,Bags & Accessories,Hats,Bucket Hat
Mens,Bags & Accessories,Umbrellas,Classic Umbrella
Mens,Bags & Accessories,Belts,Chain Belt
Mens,Bags & Accessories,Bags,Tote Bag
Mens,Bags & Accessories,Scarves,Square Scarf
Mens,Bags & Accessories,Bags,Bag
Mens,Bags & Accessories,Belts,Ratchet Belt
Mens,Bags & Accessories,Belts,Sash Belt
Mens,Bags & Accessories,Bags,Bum Bag
Mens,Bags & Accessories,Umbrellas,Mini Umbrella
Mens,Bags & Accessories,Belts,Mesh Belt
Mens,Bags & Accessories,Bags,Gym Bag
Mens,Bags & Accessories,Clear Glasses,Round Glasses
Mens,Bags & Accessories,Hats,Trilby Hat
Mens,Bags & Accessories,Bags,Flap Bag
Mens,Bags & Accessories,Bags,Waist Bag
Mens,Bags & Accessories,Sunglasses,Butterfly Sunglasses
Mens,Bags & Accessories,Sunglasses,Sunglasses
Mens,Bags & Accessories,Belts,Woven Belt
Mens,Bags & Accessories,Scarves,Scarf
Mens,Bags & Accessories,Hats,Beanie Cap
Mens,Bags & Accessories,Hats,Top Hat
Mens,Bags & Accessories,Scarves,Bandana Scarf
Mens,Bags & Accessories,Hats,Headband Hat
Mens,Bags & Accessories,Sunglasses,Geometric Sunglasses
Mens,Bags & Accessories,Clear Glasses,Glasses
Mens,Bags & Accessories,Hats,Deerstalker Hat
Mens,Bags & Accessories,Gloves & Mittens,Gloves
Mens,Bags & Accessories,Umbrellas,Compact Umbrella
Mens,Bags & Accessories,Hats,Boater Hat
Mens,Bags & Accessories,Hats,Cap
Mens,Bags & Accessories,Sunglasses,Square Sunglasses
Mens,Bags & Accessories,Hats,Bandana Hat
Mens,Bags & Accessories,Belts,Concho Belt
Mens,Bags & Accessories,Umbrellas,Folding Umbrella
Mens,Bags & Accessories,"Ties, Bow Ties & Cravats",Bow Tie
Mens,Bags & Accessories,Scarves,Rectangle Scarf
Mens,Bags & Accessories,Belts,Waist Belt
Mens,Bags & Accessories,"Ties, Bow Ties & Cravats",Cravat
Mens,Bags & Accessories,Bags,Baguette Bag
Mens,Bags & Accessories,Umbrellas,Parasol Umbrella
Mens,Bags & Accessories,Wallets,Wallet
Mens,Bags & Accessories,Hats,Baseball Cap
Mens,Bags & Accessories,Bags,Shoulder Bag
Mens,Bags & Accessories,Scarves,Bandana Scarf
Mens,Bags & Accessories,Bags,Messenger Bag
Mens,Bags & Accessories,Hats,Beret Hat
Mens,Bags & Accessories,Hats,Beanie Hat
Mens,Bags & Accessories,Belts,Western Belt
Mens,Bags & Accessories,Clear Glasses,Oval Glasses
Mens,Bags & Accessories,Bags,Crossbody bag
Mens,Bags & Accessories,Hats,Hat
Mens,Bags & Accessories,Sunglasses,Aviator Sunglasses
Mens,Bags & Accessories,Sunglasses,Rectangular Sunglasses
Mens,Bags & Accessories,Belts,Hip Belt
Mens,Bags & Accessories,Hats,Docker Hat
Mens,Bags & Accessories,Hats,Bobble Hat
Mens,Bags & Accessories,Bags,Backpack
Mens,Bags & Accessories,Sunglasses,Shield Sunglasses
Mens,Bags & Accessories,Bags,Hobo Bag
Mens,Bags & Accessories,"Ties, Bow Ties & Cravats",Tie
Mens,Bags & Accessories,Bags,Bucket Bag
Mens,Bags & Accessories,Umbrellas,Standard Umbrella
Mens,Bags & Accessories,Scarves,Hijab Shawl
Mens,Bags & Accessories,Sunglasses,Oversized Sunglasses
Mens,Bags & Accessories,Scarves,Cowl Scarf
Mens,Bags & Accessories,Scarves,Pashmina Shawl
Mens,Bags & Accessories,Wallets,Card Wallet
Mens,Bags & Accessories,Scarves,Shawl
Mens,Bags & Accessories,Bags,Crossbody Bag
Mens,Bags & Accessories,Hats,Fascinator Hat
Mens,Bags & Accessories,Scarves,Wrap Scarf
Mens,Bags & Accessories,Belts,Military Belt
Mens,Bags & Accessories,Hats,Taqiyah Hat
Mens,Bags & Accessories,Sunglasses,Sport Sunglasses
Mens,Bags & Accessories,Belts,Ribbon Belt
Mens,Bags & Accessories,Hats,Homburg Hat
Mens,Bags & Accessories,Hats,Cocktail Hat
Mens,Bags & Accessories,Scarves,Cowl Scarf
Mens,Bags & Accessories,Hats,Flat Cap
Mens,Bags & Accessories,Belts,Sequin Belt
Mens,Bags & Accessories,Sunglasses,Cat Eye Sunglasses
Mens,Bags & Accessories,Bags,Waist Bag
Mens,Bags & Accessories,Scarves,Stole Scarf
Mens,Bags & Accessories,Belts,Studded Belt
Mens,Bags & Accessories,Hats,Cloche Hat
Mens,Bags & Accessories,Hats,Trucker Cap
Mens,Bags & Accessories,Bags,Messenger Bag
Mens,Bags & Accessories,Umbrellas,Pagoda Umbrella
Mens,Bags & Accessories,Hats,Cowboy Hat
Mens,Bags & Accessories,Clear Glasses,Rectangular Glasses
Mens,Bags & Accessories,Belts,Corset Belt
Mens,Bags & Accessories,Hats,Fedora Hat
Mens,Bags & Accessories,Umbrellas,Walking Stick Umbrella
Mens,Bags & Accessories,Bags,Saddle Bag
Mens,Bags & Accessories,Belts,Belt
Mens,Bags & Accessories,Hats,Bowler Hat
Mens,Bags & Accessories,Belts,Bling Belt
Mens,Bags & Accessories,Sunglasses,Round Sunglasses
Mens,Shoes,Boots,Knee High Boots
Mens,Shoes,Boots,Chelsea Boots
Mens,Shoes,Boots,Combat Boots
Mens,Shoes,Boots,Boots
Mens,Shoes,Trainers,Trainers
Mens,Shoes,Formal Shoes,Boat Shoes
Mens,Shoes,Boots,Biker Boots
Mens,Shoes,Formal Shoes,Derby Shoes
Mens,Shoes,Boots,Desert Boots
Mens,Shoes,Boots,Brogue Boots
Mens,Shoes,Casual Shoes,Slip On Shoes
Mens,Shoes,Sandals & Beach Shoes,Sliders Sandals
Mens,Shoes,Casual Shoes,Mule Shoes
Mens,Shoes,Sandals & Beach Shoes,Gladiator Sandals
Mens,Shoes,Boots,Cowboy Boots
Mens,Shoes,Casual Shoes,Boat Shoes
Mens,Shoes,Casual Shoes,Moccasin Shoes
Mens,Shoes,Casual Shoes,Ballet Flat
Mens,Shoes,Boots,Wedge Boots
Mens,Shoes,Casual Shoes,Espadrille Shoes
Mens,Shoes,Casual Shoes,Espadrille Shoes
Mens,Shoes,Casual Shoes,Shoes
Mens,Shoes,Boots,Shearling Style Boots
Mens,Shoes,Sandals & Beach Shoes,Thong Sandals
Mens,Shoes,Formal Shoes,Monk Shoes
Mens,Shoes,Boots,Wellies Boots
Mens,Shoes,Formal Shoes,Loafer Shoes
Mens,Shoes,Casual Shoes,Flats
Mens,Shoes,Trainers,High-Hop Trainers
Mens,Shoes,Formal Shoes,Brogue Shoes
Mens,Shoes,Formal Shoes,Shoes
Mens,Shoes,Sandals & Beach Shoes,Flip Flop Sandals
Mens,Shoes,Sandals & Beach Shoes,Sandals
Mens,Shoes,Formal Shoes,Oxford Shoes
Mens,Shoes,Boots,Snow Boots
Mens,Shoes,Boots,Oxford Boots
Mens,Clothing,Coats & Jackets,Corduroy Jacket
Mens,Clothing,Coats & Jackets,Sherpa Jacket
Mens,Clothing,Activewear Bottoms,Windbreaker Trousers
Mens,Clothing,Trousers,Chino Trousers
Mens,Clothing,Coats & Jackets,Leather Jacket
Mens,Clothing,Coats & Jackets,Utility Jacket
Mens,Clothing,Trousers,Capri Trousers
Mens,Clothing,Coats & Jackets,Reversible Gilet
Mens,Clothing,Shorts,Casual Shorts
Mens,Clothing,Coats & Jackets,Suede Jacket
Mens,Clothing,Coats & Jackets,Gilet
Mens,Clothing,Coats & Jackets,Padded Jacket
Mens,Clothing,Jeans,Tapered Jeans
Mens,Clothing,Activewear Tops,T-Shirt Top
Mens,Clothing,Coats & Jackets,Double Breasted Coat
Mens,Clothing,Jumpers & Cardigans,V-Neck Jumper Sweater
Mens,Clothing,Jumpers & Cardigans,Cardigan Sweater
Mens,Clothing,Hoodies & Sweats,Sweatshirt Jumper
Mens,Clothing,Trousers,Suit Trousers
Mens,Clothing,Coats & Jackets,Military Jacket
Mens,Clothing,Activewear Bottoms,Waterproof Trousers
Mens,Clothing,Jumpers & Cardigans,Roll Neck Jumper Sweater
Mens,Clothing,Coats & Jackets,Reversible Jacket
Mens,Clothing,Shorts,Chino Shorts
Mens,Clothing,Jeans,Skinny Jeans
Mens,Clothing,Activewear Shorts,Sport Shorts
Mens,Clothing,Coats & Jackets,Fleece Jacket
Mens,Clothing,Jeans,Jegging Jeans
Mens,Clothing,Shorts,Denim Shorts
Mens,Clothing,Shirts,Pullover Shirt
Mens,Clothing,Coats & Jackets,Windbreaker Jacket
Mens,Clothing,Coats & Jackets,Waterproof Jacket
Mens,Clothing,T-Shirts,T-Shirt Top
Mens,Clothing,Activewear Tops,Top
Mens,Clothing,Coats & Jackets,Duffle Jacket
Mens,Clothing,Coats & Jackets,Bomber Jacket
Mens,Clothing,Coats & Jackets,Parka Jacket
Mens,Clothing,Coats & Jackets,Denim Coat
Mens,Clothing,Activewear Tops,Top Long Sleeve
Mens,Clothing,Activewear Jackets,Ski Jacket
Mens,Clothing,Tracksuits,Ski Jumpsuit
Mens,Clothing,Coats & Jackets,Capelet Coat
Mens,Clothing,Activewear Bottoms,Tracksuit Trousers
Mens,Clothing,Jumpers & Cardigans,Jumper
Mens,Clothing,Coats & Jackets,Leather Gilet
Mens,Clothing,Trousers,Dungarees Trousers
Mens,Clothing,Shirts,Flannel Shirt
Mens,Clothing,Jeans,Flared Jeans
Mens,Clothing,Coats & Jackets,Denim Jacket
Mens,Clothing,Coats & Jackets,Poncho Coat
Mens,Clothing,Activewear Tops,Graphic T-Shirt Top
Mens,Clothing,Shirts,Denim Shirt
Mens,Clothing,Coats & Jackets,Quilted Jacket
Mens,Clothing,Jeans,Jeans
Mens,Clothing,T-Shirts,Top Long Sleeve
Mens,Clothing,Coats & Jackets,Trench Coat
Mens,Clothing,Coats & Jackets,Shearling Jacket
Mens,Clothing,Jumpers & Cardigans,Fleece Jumper
Mens,Clothing,Shorts,Corduroy Shorts
Mens,Clothing,Coats & Jackets,Windbreaker Coat
Mens,Clothing,Formal Shirts,Formal Shirt
Mens,Clothing,Jeans,Drop Crotch Jeans
Mens,Clothing,Coats & Jackets,Corduroy Coat
Mens,Clothing,Coats & Jackets,Duffle Coat
Mens,Clothing,Formal Shirts,Tuxedo Shirt
Mens,Clothing,Jeans,High Waist Jeans
Mens,Clothing,Jeans,Loose Jeans
Mens,Clothing,Jumpers & Cardigans,Boat Neck Jumper Sweater
Mens,Clothing,Coats & Jackets,Corduroy Gilet
Mens,Clothing,Activewear Bottoms,Leggings
Mens,Clothing,Coats & Jackets,Fleece Gilet
Mens,Clothing,Activewear Tops,Top 3/4 Sleeve
Mens,Clothing,T-Shirts,Graphic Top Long Sleeve
Mens,Clothing,Tracksuits,Jumpsuit
Mens,Clothing,Coats & Jackets,Padded Gilet
Mens,Clothing,Trousers,Casual Trousers
Mens,Clothing,Jeans,Slim Jeans
Mens,Clothing,Activewear Jackets,Tracksuit Top Jacket
Mens,Clothing,Shorts,Bermuda Shorts
Mens,Clothing,Coats & Jackets,Biker Jacket
Mens,Clothing,Activewear Tops,Tracksuit Top
Mens,Clothing,Jumpers & Cardigans,Sweater
Mens,Clothing,Trousers,Windbreaker Trousers
Mens,Clothing,Activewear Bottoms,Ski Trousers
Mens,Clothing,Coats & Jackets,Harrington Jacket
Mens,Clothing,Trousers,Cropped Trousers
Mens,Clothing,Coats & Jackets,Denim Gilet
Mens,Clothing,Jumpers & Cardigans,Zip Neck Jumper Sweater
Mens,Clothing,Activewear Tops,Graphic Vest Top
Mens,Clothing,Jumpers & Cardigans,Polo Neck Jumper Sweater
Mens,Clothing,Jumpers & Cardigans,Crew Neck Jumper Sweater
Mens,Clothing,Jeans,Capri Jeans
Mens,Clothing,Polo Shirts,Rugby Polo Shirt
Mens,Clothing,Jumpers & Cardigans,Button Neck Jumper Sweater
Mens,Clothing,Coats & Jackets,Cape Coat
Mens,Clothing,Formal Shirts,Shirt
Mens,Clothing,T-Shirts,Vest Top
Mens,Clothing,Shirts,Shirt
Mens,Clothing,Coats & Jackets,Overcoat
Mens,Clothing,T-Shirts,T-Shirt
Mens,Clothing,Coats & Jackets,Coat
Mens,Clothing,Activewear Tops,Graphic Top Long Sleeve
Mens,Clothing,Jeans,Bootcut Jeans
Mens,Clothing,Coats & Jackets,Rain Jacket
Mens,Clothing,Coats & Jackets,Chesterfield Coat
Mens,Clothing,Trousers,Waterproof Trousers
Mens,Clothing,Coats & Jackets,Anorak Jacket
Mens,Clothing,Activewear Tops,Graphic Top 3/4 Sleeve
Mens,Clothing,Coats & Jackets,Suede Gilet
Mens,Clothing,Coats & Jackets,Pea Coat
Mens,Clothing,Shirts,Ruffle Front Shirt
Mens,Clothing,Coats & Jackets,Varsity Jacket
Mens,Clothing,Activewear Bottoms,Tracksuit Trousers Joggers
Mens,Clothing,Jeans,Low Waist Jeans
Mens,Clothing,Coats & Jackets,Blazer Jacket
Mens,Clothing,Waistcoats,Waistcoat
Mens,Clothing,Coats & Jackets,Padded Coat
Mens,Clothing,Coats & Jackets,Flight Aviator Jacket
Mens,Clothing,Hoodies & Sweats,Hoodie Jumper
Mens,Clothing,Coats & Jackets,Jacket
Mens,Clothing,Trousers,Cargo Trousers
Mens,Clothing,T-Shirts,T-Shirt Top Long Sleeve
Mens,Clothing,Trousers,Corduroy Trousers
Mens,Clothing,Jumpers & Cardigans,Vest Tank Top
Mens,Clothing,T-Shirts,Graphic T-Shirt Top
Mens,Clothing,Shorts,Cargo Shorts
Mens,Clothing,T-Shirts,Graphic Vest Top
Mens,Clothing,Shorts,Shorts
Mens,Clothing,Coats & Jackets,MA-1 Flight Jacket
Mens,Clothing,Activewear Bottoms,Trousers
Mens,Clothing,Swimwear,Swimming Shorts
Mens,Clothing,Coats & Jackets,Quilted Gilet
Mens,Clothing,Tracksuits,Full Tracksuit
Mens,Clothing,Activewear Tops,Jersey Top
Mens,Clothing,Suits & Tailoring,2 Piece Suit
Mens,Clothing,Jumpers & Cardigans,Turtle Neck Jumper Sweater
Mens,Clothing,Coats & Jackets,Utility Gilet
Mens,Clothing,Coats & Jackets,Raincoat
Mens,Clothing,Polo Shirts,Polo Shirt
Mens,Clothing,Activewear Tops,Pullover Tracksuit Top
Mens,Clothing,Suits & Tailoring,2 Piece Set
Mens,Clothing,Hoodies & Sweats,Zip Hoodie Sweater
Mens,Clothing,Activewear Tops,Vest Top
Mens,Clothing,Jeans,Cropped Jeans
Mens,Clothing,Coats & Jackets,Leather Coat
Mens,Clothing,Jeans,Straight Jeans
Mens,Clothing,Jumpers & Cardigans,Jumper Sweater
Mens,Clothing,Jeans,Wide Leg Jeans
Mens,Clothing,Coats & Jackets,Racer Jacket
Mens,Clothing,T-Shirts,Graphic T-Shirt Long Sleeve
Mens,Clothing,Coats & Jackets,Waxed Cotton Jacket
Mens,Clothing,Activewear Tops,Top Long Sleeve
Mens,Clothing,Swimwear,Swimwear
Mens,Clothing,Jumpers & Cardigans,Shawl Neck Jumper Sweater
Mens,Clothing,Coats & Jackets,Bolero Jacket
Mens,Clothing,Suits & Tailoring,3 Piece Suit
Mens,Clothing,T-Shirts,Graphic Top 3/4 Sleeve
Mens,Clothing,Trousers,Trousers
Mens,Clothing,T-Shirts,Top 3/4 Sleeve